出发城市,到达城市,最低票价,对应持续时间
上海,上海,9999.0,9999.0
上海,北京,293.0,12.1
上海,儋州,9999.0,9999.0
上海,伊春,9999.0,9999.0
上海,呼伦贝尔,9999.0,9999.0
上海,天津,305.0,10.883333333333333
上海,南京,55.0,2.7666666666666666
上海,东莞,862.5,9.766666666666667
上海,厦门,347.0,7.833333333333333
上海,宁波,98.0,1.9166666666666665
上海,哈尔滨,1025.5,12.2
上海,哈密,9999.0,9999.0
上海,南通,41.0,1.4
上海,佛山,9999.0,9999.0
上海,保定,9999.0,9999.0
上海,合肥,182.0,3.216666666666667
上海,南昌,262.0,3.4833333333333334
上海,大连,907.5,10.816666666666666
上海,临沂,9999.0,9999.0
上海,乌鲁木齐,9999.0,9999.0
上海,南阳,568.5,7.65
上海,台州,134.0,2.9166666666666665
上海,嘉兴,12.0,0.23333333333333334
上海,太原,637.0,9.183333333333334
上海,唐山,591.5,6.583333333333333
上海,丽江,9999.0,9999.0
上海,三明,341.5,4.266666666666667
上海,吐鲁番,9999.0,9999.0
上海,乌兰察布,9999.0,9999.0
上海,南宁,777.5,11.516666666666667
上海,三亚,9999.0,9999.0
上海,中山,912.0,9.266666666666667
上海,呼和浩特,9999.0,9999.0
上海,临汾,9999.0,9999.0
上海,周口,361.0,4.133333333333334
上海,上饶,177.0,2.4
上海,吉林市,9999.0,9999.0
上海,咸阳,239.0,15.333333333333334
上海,信阳,404.0,6.516666666666667
上海,兰州,310.0,22.316666666666666
上海,丽水,156.0,2.5833333333333335
上海,四平,882.5,10.7
上海,固原,9999.0,9999.0
上海,保山,9999.0,9999.0
上海,临沧,9999.0,9999.0
上海,中卫,9999.0,9999.0
上海,大同,9999.0,9999.0
上海,六安,214.0,3.6
上海,安康,9999.0,9999.0
上海,九江,226.0,7.3
上海,广州,872.0,8.716666666666667
北京,上海,293.0,12.05
北京,北京,9999.0,9999.0
北京,儋州,9999.0,9999.0
北京,伊春,9999.0,9999.0
北京,呼伦贝尔,9999.0,9999.0
北京,天津,32.0,1.1833333333333333
北京,南京,233.0,9.5
北京,东莞,1067.5,8.083333333333334
北京,厦门,451.0,17.966666666666665
北京,宁波,657.0,6.933333333333334
北京,哈尔滨,550.5,6.0
北京,哈密,9999.0,9999.0
北京,南通,513.0,5.6
北京,佛山,9999.0,9999.0
北京,保定,28.0,1.0666666666666667
北京,合肥,433.5,4.833333333333333
北京,南昌,288.0,12.0
北京,大连,426.0,4.1
北京,临沂,323.0,3.45
北京,乌鲁木齐,9999.0,9999.0
北京,南阳,440.0,5.333333333333333
北京,台州,727.0,7.75
北京,嘉兴,333.0,12.666666666666666
北京,太原,92.0,4.466666666666667
北京,唐山,47.0,1.3666666666666667
北京,丽江,9999.0,9999.0
北京,三明,359.0,15.466666666666667
北京,吐鲁番,9999.0,9999.0
北京,乌兰察布,116.0,1.9666666666666668
北京,南宁,953.5,10.866666666666667
北京,三亚,9999.0,9999.0
北京,中山,990.0,11.05
北京,呼和浩特,161.0,2.85
北京,临汾,262.5,4.616666666666667
北京,周口,397.0,4.366666666666666
北京,上饶,668.0,6.05
北京,吉林市,9999.0,9999.0
北京,咸阳,587.0,6.283333333333333
北京,信阳,167.0,8.616666666666667
北京,兰州,272.0,18.7
北京,丽水,728.0,8.366666666666667
北京,四平,387.5,4.416666666666667
北京,固原,9999.0,9999.0
北京,保山,9999.0,9999.0
北京,临沧,9999.0,9999.0
北京,中卫,9999.0,9999.0
北京,大同,132.0,2.3666666666666667
北京,六安,467.5,5.866666666666667
北京,安康,9999.0,9999.0
北京,九江,261.0,11.0
北京,广州,327.0,21.733333333333334
儋州,上海,9999.0,9999.0
儋州,北京,9999.0,9999.0
儋州,儋州,9999.0,9999.0
儋州,伊春,9999.0,9999.0
儋州,呼伦贝尔,9999.0,9999.0
儋州,天津,9999.0,9999.0
儋州,南京,9999.0,9999.0
儋州,东莞,9999.0,9999.0
儋州,厦门,9999.0,9999.0
儋州,宁波,9999.0,9999.0
儋州,哈尔滨,9999.0,9999.0
儋州,哈密,9999.0,9999.0
儋州,南通,9999.0,9999.0
儋州,佛山,9999.0,9999.0
儋州,保定,9999.0,9999.0
儋州,合肥,9999.0,9999.0
儋州,南昌,9999.0,9999.0
儋州,大连,9999.0,9999.0
儋州,临沂,9999.0,9999.0
儋州,乌鲁木齐,9999.0,9999.0
儋州,南阳,9999.0,9999.0
儋州,台州,9999.0,9999.0
儋州,嘉兴,9999.0,9999.0
儋州,太原,9999.0,9999.0
儋州,唐山,9999.0,9999.0
儋州,丽江,9999.0,9999.0
儋州,三明,9999.0,9999.0
儋州,吐鲁番,9999.0,9999.0
儋州,乌兰察布,9999.0,9999.0
儋州,南宁,9999.0,9999.0
儋州,三亚,9999.0,9999.0
儋州,中山,9999.0,9999.0
儋州,呼和浩特,9999.0,9999.0
儋州,临汾,9999.0,9999.0
儋州,周口,9999.0,9999.0
儋州,上饶,9999.0,9999.0
儋州,吉林市,9999.0,9999.0
儋州,咸阳,9999.0,9999.0
儋州,信阳,9999.0,9999.0
儋州,兰州,9999.0,9999.0
儋州,丽水,9999.0,9999.0
儋州,四平,9999.0,9999.0
儋州,固原,9999.0,9999.0
儋州,保山,9999.0,9999.0
儋州,临沧,9999.0,9999.0
儋州,中卫,9999.0,9999.0
儋州,大同,9999.0,9999.0
儋州,六安,9999.0,9999.0
儋州,安康,9999.0,9999.0
儋州,九江,9999.0,9999.0
儋州,广州,9999.0,9999.0
伊春,上海,9999.0,9999.0
伊春,北京,9999.0,9999.0
伊春,儋州,9999.0,9999.0
伊春,伊春,9999.0,9999.0
伊春,呼伦贝尔,9999.0,9999.0
伊春,天津,9999.0,9999.0
伊春,南京,9999.0,9999.0
伊春,东莞,9999.0,9999.0
伊春,厦门,9999.0,9999.0
伊春,宁波,9999.0,9999.0
伊春,哈尔滨,9999.0,9999.0
伊春,哈密,9999.0,9999.0
伊春,南通,9999.0,9999.0
伊春,佛山,9999.0,9999.0
伊春,保定,9999.0,9999.0
伊春,合肥,9999.0,9999.0
伊春,南昌,9999.0,9999.0
伊春,大连,9999.0,9999.0
伊春,临沂,9999.0,9999.0
伊春,乌鲁木齐,9999.0,9999.0
伊春,南阳,9999.0,9999.0
伊春,台州,9999.0,9999.0
伊春,嘉兴,9999.0,9999.0
伊春,太原,9999.0,9999.0
伊春,唐山,9999.0,9999.0
伊春,丽江,9999.0,9999.0
伊春,三明,9999.0,9999.0
伊春,吐鲁番,9999.0,9999.0
伊春,乌兰察布,9999.0,9999.0
伊春,南宁,9999.0,9999.0
伊春,三亚,9999.0,9999.0
伊春,中山,9999.0,9999.0
伊春,呼和浩特,9999.0,9999.0
伊春,临汾,9999.0,9999.0
伊春,周口,9999.0,9999.0
伊春,上饶,9999.0,9999.0
伊春,吉林市,9999.0,9999.0
伊春,咸阳,9999.0,9999.0
伊春,信阳,9999.0,9999.0
伊春,兰州,9999.0,9999.0
伊春,丽水,9999.0,9999.0
伊春,四平,9999.0,9999.0
伊春,固原,9999.0,9999.0
伊春,保山,9999.0,9999.0
伊春,临沧,9999.0,9999.0
伊春,中卫,9999.0,9999.0
伊春,大同,9999.0,9999.0
伊春,六安,9999.0,9999.0
伊春,安康,9999.0,9999.0
伊春,九江,9999.0,9999.0
伊春,广州,9999.0,9999.0
呼伦贝尔,上海,9999.0,9999.0
呼伦贝尔,北京,9999.0,9999.0
呼伦贝尔,儋州,9999.0,9999.0
呼伦贝尔,伊春,9999.0,9999.0
呼伦贝尔,呼伦贝尔,9999.0,9999.0
呼伦贝尔,天津,9999.0,9999.0
呼伦贝尔,南京,9999.0,9999.0
呼伦贝尔,东莞,9999.0,9999.0
呼伦贝尔,厦门,9999.0,9999.0
呼伦贝尔,宁波,9999.0,9999.0
呼伦贝尔,哈尔滨,9999.0,9999.0
呼伦贝尔,哈密,9999.0,9999.0
呼伦贝尔,南通,9999.0,9999.0
呼伦贝尔,佛山,9999.0,9999.0
呼伦贝尔,保定,9999.0,9999.0
呼伦贝尔,合肥,9999.0,9999.0
呼伦贝尔,南昌,9999.0,9999.0
呼伦贝尔,大连,9999.0,9999.0
呼伦贝尔,临沂,9999.0,9999.0
呼伦贝尔,乌鲁木齐,9999.0,9999.0
呼伦贝尔,南阳,9999.0,9999.0
呼伦贝尔,台州,9999.0,9999.0
呼伦贝尔,嘉兴,9999.0,9999.0
呼伦贝尔,太原,9999.0,9999.0
呼伦贝尔,唐山,9999.0,9999.0
呼伦贝尔,丽江,9999.0,9999.0
呼伦贝尔,三明,9999.0,9999.0
呼伦贝尔,吐鲁番,9999.0,9999.0
呼伦贝尔,乌兰察布,9999.0,9999.0
呼伦贝尔,南宁,9999.0,9999.0
呼伦贝尔,三亚,9999.0,9999.0
呼伦贝尔,中山,9999.0,9999.0
呼伦贝尔,呼和浩特,9999.0,9999.0
呼伦贝尔,临汾,9999.0,9999.0
呼伦贝尔,周口,9999.0,9999.0
呼伦贝尔,上饶,9999.0,9999.0
呼伦贝尔,吉林市,9999.0,9999.0
呼伦贝尔,咸阳,9999.0,9999.0
呼伦贝尔,信阳,9999.0,9999.0
呼伦贝尔,兰州,9999.0,9999.0
呼伦贝尔,丽水,9999.0,9999.0
呼伦贝尔,四平,9999.0,9999.0
呼伦贝尔,固原,9999.0,9999.0
呼伦贝尔,保山,9999.0,9999.0
呼伦贝尔,临沧,9999.0,9999.0
呼伦贝尔,中卫,9999.0,9999.0
呼伦贝尔,大同,9999.0,9999.0
呼伦贝尔,六安,9999.0,9999.0
呼伦贝尔,安康,9999.0,9999.0
呼伦贝尔,九江,9999.0,9999.0
呼伦贝尔,广州,9999.0,9999.0
天津,上海,305.0,10.95
天津,北京,32.0,1.2666666666666666
天津,儋州,9999.0,9999.0
天津,伊春,9999.0,9999.0
天津,呼伦贝尔,9999.0,9999.0
天津,天津,9999.0,9999.0
天津,南京,219.0,8.3
天津,东莞,9999.0,9999.0
天津,厦门,881.0,10.866666666666667
天津,宁波,659.0,6.15
天津,哈尔滨,458.5,5.883333333333333
天津,哈密,9999.0,9999.0
天津,南通,465.0,4.733333333333333
天津,佛山,9999.0,9999.0
天津,保定,56.5,1.15
天津,合肥,383.5,4.233333333333333
天津,南昌,833.0,8.7
天津,大连,330.5,4.516666666666667
天津,临沂,260.0,2.6166666666666667
天津,乌鲁木齐,9999.0,9999.0
天津,南阳,454.5,4.983333333333333
天津,台州,715.0,7.4
天津,嘉兴,301.0,11.516666666666667
天津,太原,194.0,3.3166666666666664
天津,唐山,20.0,0.2833333333333333
天津,丽江,9999.0,9999.0
天津,三明,755.0,8.283333333333333
天津,吐鲁番,9999.0,9999.0
天津,乌兰察布,9999.0,9999.0
天津,南宁,9999.0,9999.0
天津,三亚,9999.0,9999.0
天津,中山,9999.0,9999.0
天津,呼和浩特,9999.0,9999.0
天津,临汾,281.0,5.0
天津,周口,9999.0,9999.0
天津,上饶,616.0,5.5
天津,吉林市,9999.0,9999.0
天津,咸阳,582.5,7.05
天津,信阳,406.5,5.283333333333333
天津,兰州,760.5,10.166666666666666
天津,丽水,765.0,8.6
天津,四平,301.5,4.933333333333334
天津,固原,9999.0,9999.0
天津,保山,9999.0,9999.0
天津,临沧,9999.0,9999.0
天津,中卫,9999.0,9999.0
天津,大同,9999.0,9999.0
天津,六安,417.5,5.266666666666667
天津,安康,9999.0,9999.0
天津,九江,9999.0,9999.0
天津,广州,961.5,10.0
南京,上海,55.0,2.7333333333333334
南京,北京,233.0,9.5
南京,儋州,9999.0,9999.0
南京,伊春,9999.0,9999.0
南京,呼伦贝尔,9999.0,9999.0
南京,天津,219.0,8.183333333333334
南京,南京,9999.0,9999.0
南京,东莞,719.5,7.566666666666666
南京,厦门,447.0,8.75
南京,宁波,152.0,2.3
南京,哈尔滨,907.5,10.65
南京,哈密,9999.0,9999.0
南京,南通,95.0,2.6
南京,佛山,9999.0,9999.0
南京,保定,9999.0,9999.0
南京,合肥,61.0,0.9
南京,南昌,199.0,3.6333333333333333
南京,大连,785.5,9.35
南京,临沂,9999.0,9999.0
南京,乌鲁木齐,9999.0,9999.0
南京,南阳,461.5,4.883333333333333
南京,台州,209.0,3.35
南京,嘉兴,69.0,3.3666666666666667
南京,太原,496.5,6.883333333333333
南京,唐山,473.5,5.033333333333333
南京,丽江,9999.0,9999.0
南京,三明,420.0,7.85
南京,吐鲁番,9999.0,9999.0
南京,乌兰察布,9999.0,9999.0
南京,南宁,743.5,10.116666666666667
南京,三亚,9999.0,9999.0
南京,中山,9999.0,9999.0
南京,呼和浩特,9999.0,9999.0
南京,临汾,9999.0,9999.0
南京,周口,225.0,2.6833333333333336
南京,上饶,250.0,3.716666666666667
南京,吉林市,9999.0,9999.0
南京,咸阳,200.0,12.45
南京,信阳,263.0,4.8
南京,兰州,280.0,19.433333333333334
南京,丽水,177.5,3.5666666666666664
南京,四平,760.5,9.183333333333334
南京,固原,9999.0,9999.0
南京,保山,9999.0,9999.0
南京,临沧,9999.0,9999.0
南京,中卫,9999.0,9999.0
南京,大同,9999.0,9999.0
南京,六安,90.0,1.3666666666666667
南京,安康,9999.0,9999.0
南京,九江,161.0,2.75
南京,广州,650.0,7.366666666666666
东莞,上海,655.0,12.05
东莞,北京,1067.5,8.216666666666667
东莞,儋州,9999.0,9999.0
东莞,伊春,9999.0,9999.0
东莞,呼伦贝尔,9999.0,9999.0
东莞,天津,996.0,10.116666666666667
东莞,南京,610.5,8.583333333333334
东莞,东莞,9999.0,9999.0
东莞,厦门,242.0,3.9833333333333334
东莞,宁波,538.0,9.716666666666667
东莞,哈尔滨,9999.0,9999.0
东莞,哈密,9999.0,9999.0
东莞,南通,9999.0,9999.0
东莞,佛山,48.5,0.7666666666666667
东莞,保定,9999.0,9999.0
东莞,合肥,663.0,7.433333333333334
东莞,南昌,351.5,4.2
东莞,大连,9999.0,9999.0
东莞,临沂,9999.0,9999.0
东莞,乌鲁木齐,9999.0,9999.0
东莞,南阳,9999.0,9999.0
东莞,台州,482.0,8.666666666666666
东莞,嘉兴,624.0,11.533333333333333
东莞,太原,903.5,8.3
东莞,唐山,9999.0,9999.0
东莞,丽江,9999.0,9999.0
东莞,三明,327.0,6.35
东莞,吐鲁番,9999.0,9999.0
东莞,乌兰察布,9999.0,9999.0
东莞,南宁,284.5,3.3833333333333333
东莞,三亚,9999.0,9999.0
东莞,中山,74.5,1.1333333333333333
东莞,呼和浩特,9999.0,9999.0
东莞,临汾,9999.0,9999.0
东莞,周口,811.5,9.566666666666666
东莞,上饶,9999.0,9999.0
东莞,吉林市,9999.0,9999.0
东莞,咸阳,9999.0,9999.0
东莞,信阳,455.5,5.55
东莞,兰州,9999.0,9999.0
东莞,丽水,9999.0,9999.0
东莞,四平,9999.0,9999.0
东莞,固原,9999.0,9999.0
东莞,保山,9999.0,9999.0
东莞,临沧,9999.0,9999.0
东莞,中卫,9999.0,9999.0
东莞,大同,9999.0,9999.0
东莞,六安,9999.0,9999.0
东莞,安康,9999.0,9999.0
东莞,九江,401.5,5.8
东莞,广州,34.0,0.2833333333333333
厦门,上海,364.0,7.95
厦门,北京,451.0,17.75
厦门,儋州,9999.0,9999.0
厦门,伊春,9999.0,9999.0
厦门,呼伦贝尔,9999.0,9999.0
厦门,天津,863.5,10.2
厦门,南京,447.0,8.566666666666666
厦门,东莞,224.0,3.9333333333333336
厦门,厦门,290.5,6.866666666666667
厦门,宁波,265.0,5.5
厦门,哈尔滨,9999.0,9999.0
厦门,哈密,9999.0,9999.0
厦门,南通,476.0,9.483333333333333
厦门,佛山,9999.0,9999.0
厦门,保定,9999.0,9999.0
厦门,合肥,458.0,7.033333333333333
厦门,南昌,146.0,5.55
厦门,大连,9999.0,9999.0
厦门,临沂,9999.0,9999.0
厦门,乌鲁木齐,9999.0,9999.0
厦门,南阳,9999.0,9999.0
厦门,台州,214.0,5.033333333333333
厦门,嘉兴,336.0,7.433333333333334
厦门,太原,949.0,11.883333333333333
厦门,唐山,9999.0,9999.0
厦门,丽江,9999.0,9999.0
厦门,三明,71.0,2.6666666666666665
厦门,吐鲁番,9999.0,9999.0
厦门,乌兰察布,9999.0,9999.0
厦门,南宁,853.5,12.05
厦门,三亚,9999.0,9999.0
厦门,中山,9999.0,9999.0
厦门,呼和浩特,9999.0,9999.0
厦门,临汾,9999.0,9999.0
厦门,周口,9999.0,9999.0
厦门,上饶,194.5,4.266666666666667
厦门,吉林市,9999.0,9999.0
厦门,咸阳,9999.0,9999.0
厦门,信阳,517.0,9.116666666666667
厦门,兰州,9999.0,9999.0
厦门,丽水,9999.0,9999.0
厦门,四平,9999.0,9999.0
厦门,固原,9999.0,9999.0
厦门,保山,9999.0,9999.0
厦门,临沧,9999.0,9999.0
厦门,中卫,9999.0,9999.0
厦门,大同,9999.0,9999.0
厦门,六安,9999.0,9999.0
厦门,安康,9999.0,9999.0
厦门,九江,245.5,6.116666666666666
厦门,广州,305.0,2.95
宁波,上海,98.0,2.033333333333333
宁波,北京,657.0,7.083333333333333
宁波,儋州,9999.0,9999.0
宁波,伊春,9999.0,9999.0
宁波,呼伦贝尔,9999.0,9999.0
宁波,天津,637.0,7.083333333333333
宁波,南京,152.0,2.6166666666666667
宁波,东莞,9999.0,9999.0
宁波,厦门,265.0,5.5
宁波,宁波,9999.0,9999.0
宁波,哈尔滨,9999.0,9999.0
宁波,哈密,9999.0,9999.0
宁波,南通,181.0,3.533333333333333
宁波,佛山,9999.0,9999.0
宁波,保定,9999.0,9999.0
宁波,合肥,219.0,3.5
宁波,南昌,282.0,4.433333333333334
宁波,大连,9999.0,9999.0
宁波,临沂,9999.0,9999.0
宁波,乌鲁木齐,9999.0,9999.0
宁波,南阳,9999.0,9999.0
宁波,台州,50.0,0.9
宁波,嘉兴,85.0,1.7666666666666666
宁波,太原,814.5,10.616666666666667
宁波,唐山,687.5,7.766666666666667
宁波,丽江,9999.0,9999.0
宁波,三明,268.0,5.4
宁波,吐鲁番,9999.0,9999.0
宁波,乌兰察布,9999.0,9999.0
宁波,南宁,826.5,13.483333333333333
宁波,三亚,9999.0,9999.0
宁波,中山,9999.0,9999.0
宁波,呼和浩特,9999.0,9999.0
宁波,临汾,9999.0,9999.0
宁波,周口,463.5,5.483333333333333
宁波,上饶,185.0,3.35
宁波,吉林市,9999.0,9999.0
宁波,咸阳,9999.0,9999.0
宁波,信阳,9999.0,9999.0
宁波,兰州,9999.0,9999.0
宁波,丽水,135.5,2.9833333333333334
宁波,四平,9999.0,9999.0
宁波,固原,9999.0,9999.0
宁波,保山,9999.0,9999.0
宁波,临沧,9999.0,9999.0
宁波,中卫,9999.0,9999.0
宁波,大同,9999.0,9999.0
宁波,六安,251.0,4.05
宁波,安康,9999.0,9999.0
宁波,九江,9999.0,9999.0
宁波,广州,9999.0,9999.0
哈尔滨,上海,1031.5,12.933333333333334
哈尔滨,北京,506.5,5.85
哈尔滨,儋州,9999.0,9999.0
哈尔滨,伊春,9999.0,9999.0
哈尔滨,呼伦贝尔,9999.0,9999.0
哈尔滨,天津,458.5,6.3
哈尔滨,南京,896.5,11.116666666666667
哈尔滨,东莞,9999.0,9999.0
哈尔滨,厦门,9999.0,9999.0
哈尔滨,宁波,9999.0,9999.0
哈尔滨,哈尔滨,385.0,6.733333333333333
哈尔滨,哈密,9999.0,9999.0
哈尔滨,南通,1016.5,13.4
哈尔滨,佛山,9999.0,9999.0
哈尔滨,保定,545.5,8.05
哈尔滨,合肥,9999.0,9999.0
哈尔滨,南昌,9999.0,9999.0
哈尔滨,大连,403.5,4.316666666666666
哈尔滨,临沂,9999.0,9999.0
哈尔滨,乌鲁木齐,9999.0,9999.0
哈尔滨,南阳,960.5,11.783333333333333
哈尔滨,台州,9999.0,9999.0
哈尔滨,嘉兴,9999.0,9999.0
哈尔滨,太原,703.0,10.383333333333333
哈尔滨,唐山,425.0,5.933333333333334
哈尔滨,丽江,9999.0,9999.0
哈尔滨,三明,9999.0,9999.0
哈尔滨,吐鲁番,9999.0,9999.0
哈尔滨,乌兰察布,9999.0,9999.0
哈尔滨,南宁,9999.0,9999.0
哈尔滨,三亚,9999.0,9999.0
哈尔滨,中山,9999.0,9999.0
哈尔滨,呼和浩特,9999.0,9999.0
哈尔滨,临汾,775.0,11.883333333333333
哈尔滨,周口,9999.0,9999.0
哈尔滨,上饶,9999.0,9999.0
哈尔滨,吉林市,9999.0,9999.0
哈尔滨,咸阳,9999.0,9999.0
哈尔滨,信阳,934.5,12.416666666666666
哈尔滨,兰州,9999.0,9999.0
哈尔滨,丽水,9999.0,9999.0
哈尔滨,四平,112.5,2.1166666666666667
哈尔滨,固原,9999.0,9999.0
哈尔滨,保山,9999.0,9999.0
哈尔滨,临沧,9999.0,9999.0
哈尔滨,中卫,9999.0,9999.0
哈尔滨,大同,9999.0,9999.0
哈尔滨,六安,9999.0,9999.0
哈尔滨,安康,9999.0,9999.0
哈尔滨,九江,9999.0,9999.0
哈尔滨,广州,9999.0,9999.0
哈密,上海,9999.0,9999.0
哈密,北京,9999.0,9999.0
哈密,儋州,9999.0,9999.0
哈密,伊春,9999.0,9999.0
哈密,呼伦贝尔,9999.0,9999.0
哈密,天津,9999.0,9999.0
哈密,南京,9999.0,9999.0
哈密,东莞,9999.0,9999.0
哈密,厦门,9999.0,9999.0
哈密,宁波,9999.0,9999.0
哈密,哈尔滨,9999.0,9999.0
哈密,哈密,9999.0,9999.0
哈密,南通,9999.0,9999.0
哈密,佛山,9999.0,9999.0
哈密,保定,9999.0,9999.0
哈密,合肥,9999.0,9999.0
哈密,南昌,9999.0,9999.0
哈密,大连,9999.0,9999.0
哈密,临沂,9999.0,9999.0
哈密,乌鲁木齐,163.5,2.6
哈密,南阳,9999.0,9999.0
哈密,台州,9999.0,9999.0
哈密,嘉兴,9999.0,9999.0
哈密,太原,9999.0,9999.0
哈密,唐山,9999.0,9999.0
哈密,丽江,9999.0,9999.0
哈密,三明,9999.0,9999.0
哈密,吐鲁番,115.0,1.7666666666666666
哈密,乌兰察布,9999.0,9999.0
哈密,南宁,9999.0,9999.0
哈密,三亚,9999.0,9999.0
哈密,中山,9999.0,9999.0
哈密,呼和浩特,9999.0,9999.0
哈密,临汾,9999.0,9999.0
哈密,周口,9999.0,9999.0
哈密,上饶,9999.0,9999.0
哈密,吉林市,9999.0,9999.0
哈密,咸阳,560.5,10.583333333333334
哈密,信阳,9999.0,9999.0
哈密,兰州,385.0,7.633333333333333
哈密,丽水,9999.0,9999.0
哈密,四平,9999.0,9999.0
哈密,固原,9999.0,9999.0
哈密,保山,9999.0,9999.0
哈密,临沧,9999.0,9999.0
哈密,中卫,9999.0,9999.0
哈密,大同,9999.0,9999.0
哈密,六安,9999.0,9999.0
哈密,安康,9999.0,9999.0
哈密,九江,9999.0,9999.0
哈密,广州,9999.0,9999.0
南通,上海,56.0,1.2666666666666666
南通,北京,528.0,5.6
南通,儋州,9999.0,9999.0
南通,伊春,9999.0,9999.0
南通,呼伦贝尔,9999.0,9999.0
南通,天津,509.0,4.9
南通,南京,95.0,2.5833333333333335
南通,东莞,9999.0,9999.0
南通,厦门,476.0,9.516666666666667
南通,宁波,185.0,3.4
南通,哈尔滨,1007.5,13.75
南通,哈密,9999.0,9999.0
南通,南通,9999.0,9999.0
南通,佛山,9999.0,9999.0
南通,保定,9999.0,9999.0
南通,合肥,160.0,3.216666666666667
南通,南昌,458.0,5.4
南通,大连,9999.0,9999.0
南通,临沂,9999.0,9999.0
南通,乌鲁木齐,9999.0,9999.0
南通,南阳,505.5,6.283333333333333
南通,台州,239.0,4.516666666666667
南通,嘉兴,100.0,1.8166666666666667
南通,太原,529.5,10.35
南通,唐山,567.5,8.116666666666667
南通,丽江,9999.0,9999.0
南通,三明,9999.0,9999.0
南通,吐鲁番,9999.0,9999.0
南通,乌兰察布,9999.0,9999.0
南通,南宁,9999.0,9999.0
南通,三亚,9999.0,9999.0
南通,中山,981.0,10.6
南通,呼和浩特,9999.0,9999.0
南通,临汾,9999.0,9999.0
南通,周口,9999.0,9999.0
南通,上饶,9999.0,9999.0
南通,吉林市,9999.0,9999.0
南通,咸阳,9999.0,9999.0
南通,信阳,9999.0,9999.0
南通,兰州,9999.0,9999.0
南通,丽水,9999.0,9999.0
南通,四平,9999.0,9999.0
南通,固原,9999.0,9999.0
南通,保山,9999.0,9999.0
南通,临沧,9999.0,9999.0
南通,中卫,9999.0,9999.0
南通,大同,9999.0,9999.0
南通,六安,192.0,3.7
南通,安康,9999.0,9999.0
南通,九江,9999.0,9999.0
南通,广州,941.0,10.05
佛山,上海,9999.0,9999.0
佛山,北京,9999.0,9999.0
佛山,儋州,9999.0,9999.0
佛山,伊春,9999.0,9999.0
佛山,呼伦贝尔,9999.0,9999.0
佛山,天津,9999.0,9999.0
佛山,南京,9999.0,9999.0
佛山,东莞,48.5,0.65
佛山,厦门,9999.0,9999.0
佛山,宁波,9999.0,9999.0
佛山,哈尔滨,9999.0,9999.0
佛山,哈密,9999.0,9999.0
佛山,南通,9999.0,9999.0
佛山,佛山,9999.0,9999.0
佛山,保定,9999.0,9999.0
佛山,合肥,9999.0,9999.0
佛山,南昌,9999.0,9999.0
佛山,大连,9999.0,9999.0
佛山,临沂,9999.0,9999.0
佛山,乌鲁木齐,9999.0,9999.0
佛山,南阳,9999.0,9999.0
佛山,台州,9999.0,9999.0
佛山,嘉兴,9999.0,9999.0
佛山,太原,9999.0,9999.0
佛山,唐山,9999.0,9999.0
佛山,丽江,9999.0,9999.0
佛山,三明,9999.0,9999.0
佛山,吐鲁番,9999.0,9999.0
佛山,乌兰察布,9999.0,9999.0
佛山,南宁,176.0,3.55
佛山,三亚,9999.0,9999.0
佛山,中山,51.0,0.9166666666666666
佛山,呼和浩特,9999.0,9999.0
佛山,临汾,9999.0,9999.0
佛山,周口,9999.0,9999.0
佛山,上饶,9999.0,9999.0
佛山,吉林市,9999.0,9999.0
佛山,咸阳,9999.0,9999.0
佛山,信阳,9999.0,9999.0
佛山,兰州,9999.0,9999.0
佛山,丽水,9999.0,9999.0
佛山,四平,9999.0,9999.0
佛山,固原,9999.0,9999.0
佛山,保山,9999.0,9999.0
佛山,临沧,9999.0,9999.0
佛山,中卫,9999.0,9999.0
佛山,大同,9999.0,9999.0
佛山,六安,9999.0,9999.0
佛山,安康,9999.0,9999.0
佛山,九江,9999.0,9999.0
佛山,广州,6.0,0.3333333333333333
保定,上海,9999.0,9999.0
保定,北京,28.0,1.25
保定,儋州,9999.0,9999.0
保定,伊春,9999.0,9999.0
保定,呼伦贝尔,9999.0,9999.0
保定,天津,55.5,0.9
保定,南京,9999.0,9999.0
保定,东莞,9999.0,9999.0
保定,厦门,9999.0,9999.0
保定,宁波,9999.0,9999.0
保定,哈尔滨,551.5,7.516666666666667
保定,哈密,9999.0,9999.0
保定,南通,9999.0,9999.0
保定,佛山,9999.0,9999.0
保定,保定,9999.0,9999.0
保定,合肥,9999.0,9999.0
保定,南昌,789.0,8.566666666666666
保定,大连,407.5,6.316666666666666
保定,临沂,9999.0,9999.0
保定,乌鲁木齐,9999.0,9999.0
保定,南阳,383.0,4.2
保定,台州,9999.0,9999.0
保定,嘉兴,9999.0,9999.0
保定,太原,129.5,2.45
保定,唐山,101.0,2.783333333333333
保定,丽江,9999.0,9999.0
保定,三明,9999.0,9999.0
保定,吐鲁番,9999.0,9999.0
保定,乌兰察布,9999.0,9999.0
保定,南宁,908.5,10.15
保定,三亚,9999.0,9999.0
保定,中山,9999.0,9999.0
保定,呼和浩特,9999.0,9999.0
保定,临汾,201.5,3.966666666666667
保定,周口,340.0,3.6333333333333333
保定,上饶,9999.0,9999.0
保定,吉林市,9999.0,9999.0
保定,咸阳,524.0,5.4
保定,信阳,145.0,7.366666666666666
保定,兰州,690.0,7.833333333333333
保定,丽水,9999.0,9999.0
保定,四平,388.5,6.75
保定,固原,9999.0,9999.0
保定,保山,9999.0,9999.0
保定,临沧,9999.0,9999.0
保定,中卫,9999.0,9999.0
保定,大同,9999.0,9999.0
保定,六安,9999.0,9999.0
保定,安康,9999.0,9999.0
保定,九江,9999.0,9999.0
保定,广州,823.0,9.666666666666666
合肥,上海,182.0,3.1666666666666665
合肥,北京,406.0,3.6166666666666667
合肥,儋州,9999.0,9999.0
合肥,伊春,9999.0,9999.0
合肥,呼伦贝尔,9999.0,9999.0
合肥,天津,393.0,4.416666666666667
合肥,南京,61.0,0.8666666666666667
合肥,东莞,683.5,6.483333333333333
合肥,厦门,452.0,6.433333333333334
合肥,宁波,219.0,3.35
合肥,哈尔滨,9999.0,9999.0
合肥,哈密,9999.0,9999.0
合肥,南通,160.0,3.2333333333333334
合肥,佛山,9999.0,9999.0
合肥,保定,9999.0,9999.0
合肥,合肥,9999.0,9999.0
合肥,南昌,174.0,2.8333333333333335
合肥,大连,9999.0,9999.0
合肥,临沂,9999.0,9999.0
合肥,乌鲁木齐,9999.0,9999.0
合肥,南阳,9999.0,9999.0
合肥,台州,324.0,4.666666666666667
合肥,嘉兴,205.0,4.283333333333333
合肥,太原,410.5,7.05
合肥,唐山,9999.0,9999.0
合肥,丽江,9999.0,9999.0
合肥,三明,326.0,4.2
合肥,吐鲁番,9999.0,9999.0
合肥,乌兰察布,9999.0,9999.0
合肥,南宁,676.5,9.25
合肥,三亚,9999.0,9999.0
合肥,中山,9999.0,9999.0
合肥,呼和浩特,9999.0,9999.0
合肥,临汾,9999.0,9999.0
合肥,周口,146.0,2.3166666666666664
合肥,上饶,215.0,2.55
合肥,吉林市,9999.0,9999.0
合肥,咸阳,529.5,5.7
合肥,信阳,187.0,3.216666666666667
合肥,兰州,704.5,8.583333333333334
合肥,丽水,282.0,4.533333333333333
合肥,四平,9999.0,9999.0
合肥,固原,9999.0,9999.0
合肥,保山,9999.0,9999.0
合肥,临沧,9999.0,9999.0
合肥,中卫,9999.0,9999.0
合肥,大同,9999.0,9999.0
合肥,六安,21.0,0.4
合肥,安康,9999.0,9999.0
合肥,九江,136.0,1.95
合肥,广州,575.0,6.616666666666667
南昌,上海,269.0,3.6833333333333336
南昌,北京,288.0,12.133333333333333
南昌,儋州,9999.0,9999.0
南昌,伊春,9999.0,9999.0
南昌,呼伦贝尔,9999.0,9999.0
南昌,天津,9999.0,9999.0
南昌,南京,228.0,3.8833333333333333
南昌,东莞,413.5,3.75
南昌,厦门,175.0,7.583333333333333
南昌,宁波,320.0,4.35
南昌,哈尔滨,9999.0,9999.0
南昌,哈密,9999.0,9999.0
南昌,南通,415.0,5.166666666666667
南昌,佛山,9999.0,9999.0
南昌,保定,9999.0,9999.0
南昌,合肥,174.0,2.8166666666666664
南昌,南昌,214.0,5.666666666666667
南昌,大连,9999.0,9999.0
南昌,临沂,9999.0,9999.0
南昌,乌鲁木齐,9999.0,9999.0
南昌,南阳,9999.0,9999.0
南昌,台州,314.0,5.05
南昌,嘉兴,264.0,3.5
南昌,太原,9999.0,9999.0
南昌,唐山,9999.0,9999.0
南昌,丽江,9999.0,9999.0
南昌,三明,103.0,2.3333333333333335
南昌,吐鲁番,9999.0,9999.0
南昌,乌兰察布,9999.0,9999.0
南昌,南宁,469.5,7.2
南昌,三亚,9999.0,9999.0
南昌,中山,542.0,5.15
南昌,呼和浩特,9999.0,9999.0
南昌,临汾,9999.0,9999.0
南昌,周口,395.5,5.516666666666667
南昌,上饶,73.0,1.05
南昌,吉林市,9999.0,9999.0
南昌,咸阳,826.0,9.65
南昌,信阳,202.0,3.5666666666666664
南昌,兰州,786.0,10.316666666666666
南昌,丽水,234.5,3.1166666666666667
南昌,四平,9999.0,9999.0
南昌,固原,9999.0,9999.0
南昌,保山,9999.0,9999.0
南昌,临沧,9999.0,9999.0
南昌,中卫,9999.0,9999.0
南昌,大同,9999.0,9999.0
南昌,六安,9999.0,9999.0
南昌,安康,9999.0,9999.0
南昌,九江,27.0,1.1
南昌,广州,345.0,3.783333333333333
大连,上海,907.5,10.366666666666667
大连,北京,426.0,4.6
大连,儋州,9999.0,9999.0
大连,伊春,9999.0,9999.0
大连,呼伦贝尔,9999.0,9999.0
大连,天津,320.5,4.416666666666667
大连,南京,785.5,8.833333333333334
大连,东莞,9999.0,9999.0
大连,厦门,9999.0,9999.0
大连,宁波,9999.0,9999.0
大连,哈尔滨,403.5,4.433333333333334
大连,哈密,9999.0,9999.0
大连,南通,9999.0,9999.0
大连,佛山,9999.0,9999.0
大连,保定,407.5,6.083333333333333
大连,合肥,9999.0,9999.0
大连,南昌,9999.0,9999.0
大连,大连,9999.0,9999.0
大连,临沂,620.5,7.9
大连,乌鲁木齐,9999.0,9999.0
大连,南阳,9999.0,9999.0
大连,台州,9999.0,9999.0
大连,嘉兴,9999.0,9999.0
大连,太原,9999.0,9999.0
大连,唐山,295.5,4.083333333333333
大连,丽江,9999.0,9999.0
大连,三明,9999.0,9999.0
大连,吐鲁番,9999.0,9999.0
大连,乌兰察布,9999.0,9999.0
大连,南宁,9999.0,9999.0
大连,三亚,9999.0,9999.0
大连,中山,9999.0,9999.0
大连,呼和浩特,9999.0,9999.0
大连,临汾,9999.0,9999.0
大连,周口,9999.0,9999.0
大连,上饶,9999.0,9999.0
大连,吉林市,9999.0,9999.0
大连,咸阳,9999.0,9999.0
大连,信阳,796.5,10.3
大连,兰州,9999.0,9999.0
大连,丽水,9999.0,9999.0
大连,四平,255.0,2.6
大连,固原,9999.0,9999.0
大连,保山,9999.0,9999.0
大连,临沧,9999.0,9999.0
大连,中卫,9999.0,9999.0
大连,大同,9999.0,9999.0
大连,六安,9999.0,9999.0
大连,安康,9999.0,9999.0
大连,九江,9999.0,9999.0
大连,广州,9999.0,9999.0
临沂,上海,9999.0,9999.0
临沂,北京,341.0,3.3833333333333333
临沂,儋州,9999.0,9999.0
临沂,伊春,9999.0,9999.0
临沂,呼伦贝尔,9999.0,9999.0
临沂,天津,257.0,3.25
临沂,南京,9999.0,9999.0
临沂,东莞,9999.0,9999.0
临沂,厦门,9999.0,9999.0
临沂,宁波,9999.0,9999.0
临沂,哈尔滨,9999.0,9999.0
临沂,哈密,9999.0,9999.0
临沂,南通,9999.0,9999.0
临沂,佛山,9999.0,9999.0
临沂,保定,9999.0,9999.0
临沂,合肥,9999.0,9999.0
临沂,南昌,9999.0,9999.0
临沂,大连,622.5,7.833333333333333
临沂,临沂,9999.0,9999.0
临沂,乌鲁木齐,9999.0,9999.0
临沂,南阳,9999.0,9999.0
临沂,台州,9999.0,9999.0
临沂,嘉兴,9999.0,9999.0
临沂,太原,9999.0,9999.0
临沂,唐山,318.5,4.4
临沂,丽江,9999.0,9999.0
临沂,三明,9999.0,9999.0
临沂,吐鲁番,9999.0,9999.0
临沂,乌兰察布,9999.0,9999.0
临沂,南宁,9999.0,9999.0
临沂,三亚,9999.0,9999.0
临沂,中山,9999.0,9999.0
临沂,呼和浩特,9999.0,9999.0
临沂,临汾,9999.0,9999.0
临沂,周口,9999.0,9999.0
临沂,上饶,9999.0,9999.0
临沂,吉林市,9999.0,9999.0
临沂,咸阳,9999.0,9999.0
临沂,信阳,9999.0,9999.0
临沂,兰州,687.0,7.8
临沂,丽水,9999.0,9999.0
临沂,四平,9999.0,9999.0
临沂,固原,9999.0,9999.0
临沂,保山,9999.0,9999.0
临沂,临沧,9999.0,9999.0
临沂,中卫,9999.0,9999.0
临沂,大同,9999.0,9999.0
临沂,六安,9999.0,9999.0
临沂,安康,9999.0,9999.0
临沂,九江,9999.0,9999.0
临沂,广州,959.5,7.25
乌鲁木齐,上海,9999.0,9999.0
乌鲁木齐,北京,9999.0,9999.0
乌鲁木齐,儋州,9999.0,9999.0
乌鲁木齐,伊春,9999.0,9999.0
乌鲁木齐,呼伦贝尔,9999.0,9999.0
乌鲁木齐,天津,9999.0,9999.0
乌鲁木齐,南京,9999.0,9999.0
乌鲁木齐,东莞,9999.0,9999.0
乌鲁木齐,厦门,9999.0,9999.0
乌鲁木齐,宁波,9999.0,9999.0
乌鲁木齐,哈尔滨,9999.0,9999.0
乌鲁木齐,哈密,163.5,2.7
乌鲁木齐,南通,9999.0,9999.0
乌鲁木齐,佛山,9999.0,9999.0
乌鲁木齐,保定,9999.0,9999.0
乌鲁木齐,合肥,9999.0,9999.0
乌鲁木齐,南昌,9999.0,9999.0
乌鲁木齐,大连,9999.0,9999.0
乌鲁木齐,临沂,9999.0,9999.0
乌鲁木齐,乌鲁木齐,9999.0,9999.0
乌鲁木齐,南阳,9999.0,9999.0
乌鲁木齐,台州,9999.0,9999.0
乌鲁木齐,嘉兴,9999.0,9999.0
乌鲁木齐,太原,9999.0,9999.0
乌鲁木齐,唐山,9999.0,9999.0
乌鲁木齐,丽江,9999.0,9999.0
乌鲁木齐,三明,9999.0,9999.0
乌鲁木齐,吐鲁番,49.0,0.8166666666666667
乌鲁木齐,乌兰察布,9999.0,9999.0
乌鲁木齐,南宁,9999.0,9999.0
乌鲁木齐,三亚,9999.0,9999.0
乌鲁木齐,中山,9999.0,9999.0
乌鲁木齐,呼和浩特,9999.0,9999.0
乌鲁木齐,临汾,9999.0,9999.0
乌鲁木齐,周口,9999.0,9999.0
乌鲁木齐,上饶,9999.0,9999.0
乌鲁木齐,吉林市,9999.0,9999.0
乌鲁木齐,咸阳,726.5,13.416666666666666
乌鲁木齐,信阳,9999.0,9999.0
乌鲁木齐,兰州,551.0,10.466666666666667
乌鲁木齐,丽水,9999.0,9999.0
乌鲁木齐,四平,9999.0,9999.0
乌鲁木齐,固原,9999.0,9999.0
乌鲁木齐,保山,9999.0,9999.0
乌鲁木齐,临沧,9999.0,9999.0
乌鲁木齐,中卫,9999.0,9999.0
乌鲁木齐,大同,9999.0,9999.0
乌鲁木齐,六安,9999.0,9999.0
乌鲁木齐,安康,9999.0,9999.0
乌鲁木齐,九江,9999.0,9999.0
乌鲁木齐,广州,9999.0,9999.0
南阳,上海,568.5,7.25
南阳,北京,440.0,3.55
南阳,儋州,9999.0,9999.0
南阳,伊春,9999.0,9999.0
南阳,呼伦贝尔,9999.0,9999.0
南阳,天津,454.5,5.266666666666667
南阳,南京,476.5,4.816666666666666
南阳,东莞,9999.0,9999.0
南阳,厦门,9999.0,9999.0
南阳,宁波,9999.0,9999.0
南阳,哈尔滨,948.5,11.7
南阳,哈密,9999.0,9999.0
南阳,南通,505.5,6.133333333333334
南阳,佛山,9999.0,9999.0
南阳,保定,398.0,4.033333333333333
南阳,合肥,9999.0,9999.0
南阳,南昌,9999.0,9999.0
南阳,大连,9999.0,9999.0
南阳,临沂,9999.0,9999.0
南阳,乌鲁木齐,9999.0,9999.0
南阳,南阳,9999.0,9999.0
南阳,台州,9999.0,9999.0
南阳,嘉兴,9999.0,9999.0
南阳,太原,9999.0,9999.0
南阳,唐山,509.0,6.15
南阳,丽江,9999.0,9999.0
南阳,三明,9999.0,9999.0
南阳,吐鲁番,9999.0,9999.0
南阳,乌兰察布,9999.0,9999.0
南阳,南宁,790.0,9.4
南阳,三亚,9999.0,9999.0
南阳,中山,9999.0,9999.0
南阳,呼和浩特,9999.0,9999.0
南阳,临汾,9999.0,9999.0
南阳,周口,9999.0,9999.0
南阳,上饶,9999.0,9999.0
南阳,吉林市,9999.0,9999.0
南阳,咸阳,9999.0,9999.0
南阳,信阳,9999.0,9999.0
南阳,兰州,9999.0,9999.0
南阳,丽水,9999.0,9999.0
南阳,四平,9999.0,9999.0
南阳,固原,9999.0,9999.0
南阳,保山,9999.0,9999.0
南阳,临沧,9999.0,9999.0
南阳,中卫,9999.0,9999.0
南阳,大同,9999.0,9999.0
南阳,六安,9999.0,9999.0
南阳,安康,9999.0,9999.0
南阳,九江,9999.0,9999.0
南阳,广州,590.0,8.066666666666666
台州,上海,151.0,2.8833333333333333
台州,北京,735.0,8.333333333333334
台州,儋州,9999.0,9999.0
台州,伊春,9999.0,9999.0
台州,呼伦贝尔,9999.0,9999.0
台州,天津,696.0,8.183333333333334
台州,南京,209.0,3.9833333333333334
台州,东莞,483.0,9.0
台州,厦门,214.0,4.566666666666666
台州,宁波,50.0,1.0333333333333334
台州,哈尔滨,9999.0,9999.0
台州,哈密,9999.0,9999.0
台州,南通,239.0,4.65
台州,佛山,9999.0,9999.0
台州,保定,9999.0,9999.0
台州,合肥,287.0,3.8166666666666664
台州,南昌,291.0,5.25
台州,大连,9999.0,9999.0
台州,临沂,9999.0,9999.0
台州,乌鲁木齐,9999.0,9999.0
台州,南阳,9999.0,9999.0
台州,台州,9999.0,9999.0
台州,嘉兴,123.0,2.3666666666666667
台州,太原,9999.0,9999.0
台州,唐山,9999.0,9999.0
台州,丽江,9999.0,9999.0
台州,三明,212.0,4.466666666666667
台州,吐鲁番,9999.0,9999.0
台州,乌兰察布,9999.0,9999.0
台州,南宁,770.5,12.45
台州,三亚,9999.0,9999.0
台州,中山,9999.0,9999.0
台州,呼和浩特,9999.0,9999.0
台州,临汾,9999.0,9999.0
台州,周口,493.0,5.133333333333334
台州,上饶,194.0,4.133333333333334
台州,吉林市,9999.0,9999.0
台州,咸阳,9999.0,9999.0
台州,信阳,9999.0,9999.0
台州,兰州,9999.0,9999.0
台州,丽水,76.5,2.3
台州,四平,9999.0,9999.0
台州,固原,9999.0,9999.0
台州,保山,9999.0,9999.0
台州,临沧,9999.0,9999.0
台州,中卫,9999.0,9999.0
台州,大同,9999.0,9999.0
台州,六安,367.0,5.2
台州,安康,9999.0,9999.0
台州,九江,9999.0,9999.0
台州,广州,548.0,9.95
嘉兴,上海,13.0,0.23333333333333334
嘉兴,北京,333.0,12.8
嘉兴,儋州,9999.0,9999.0
嘉兴,伊春,9999.0,9999.0
嘉兴,呼伦贝尔,9999.0,9999.0
嘉兴,天津,301.0,11.5
嘉兴,南京,69.0,3.4333333333333336
嘉兴,东莞,9999.0,9999.0
嘉兴,厦门,336.0,7.45
嘉兴,宁波,84.0,1.55
嘉兴,哈尔滨,9999.0,9999.0
嘉兴,哈密,9999.0,9999.0
嘉兴,南通,96.0,1.9
嘉兴,佛山,9999.0,9999.0
嘉兴,保定,9999.0,9999.0
嘉兴,合肥,210.0,4.366666666666666
嘉兴,南昌,245.0,3.216666666666667
嘉兴,大连,9999.0,9999.0
嘉兴,临沂,9999.0,9999.0
嘉兴,乌鲁木齐,9999.0,9999.0
嘉兴,南阳,9999.0,9999.0
嘉兴,台州,123.0,2.533333333333333
嘉兴,嘉兴,9999.0,9999.0
嘉兴,太原,790.5,9.883333333333333
嘉兴,唐山,649.5,7.233333333333333
嘉兴,丽江,9999.0,9999.0
嘉兴,三明,307.5,3.65
嘉兴,吐鲁番,9999.0,9999.0
嘉兴,乌兰察布,9999.0,9999.0
嘉兴,南宁,760.5,11.183333333333334
嘉兴,三亚,9999.0,9999.0
嘉兴,中山,873.0,8.683333333333334
嘉兴,呼和浩特,9999.0,9999.0
嘉兴,临汾,9999.0,9999.0
嘉兴,周口,432.0,5.016666666666667
嘉兴,上饶,160.0,2.1333333333333333
嘉兴,吉林市,9999.0,9999.0
嘉兴,咸阳,9999.0,9999.0
嘉兴,信阳,9999.0,9999.0
嘉兴,兰州,9999.0,9999.0
嘉兴,丽水,136.0,2.3
嘉兴,四平,9999.0,9999.0
嘉兴,固原,9999.0,9999.0
嘉兴,保山,9999.0,9999.0
嘉兴,临沧,9999.0,9999.0
嘉兴,中卫,9999.0,9999.0
嘉兴,大同,9999.0,9999.0
嘉兴,六安,316.0,4.15
嘉兴,安康,9999.0,9999.0
嘉兴,九江,204.0,6.4
嘉兴,广州,833.0,8.133333333333333
太原,上海,648.0,9.216666666666667
太原,北京,92.0,4.433333333333334
太原,儋州,9999.0,9999.0
太原,伊春,9999.0,9999.0
太原,呼伦贝尔,9999.0,9999.0
太原,天津,194.0,3.2666666666666666
太原,南京,482.5,7.216666666666667
太原,东莞,9999.0,9999.0
太原,厦门,949.0,11.733333333333333
太原,宁波,814.5,10.25
太原,哈尔滨,748.5,10.116666666666667
太原,哈密,9999.0,9999.0
太原,南通,524.5,10.133333333333333
太原,佛山,9999.0,9999.0
太原,保定,93.0,3.283333333333333
太原,合肥,410.5,7.0
太原,南昌,9999.0,9999.0
太原,大连,9999.0,9999.0
太原,临沂,9999.0,9999.0
太原,乌鲁木齐,9999.0,9999.0
太原,南阳,9999.0,9999.0
太原,台州,9999.0,9999.0
太原,嘉兴,790.5,9.65
太原,太原,9999.0,9999.0
太原,唐山,248.5,4.116666666666666
太原,丽江,9999.0,9999.0
太原,三明,9999.0,9999.0
太原,吐鲁番,9999.0,9999.0
太原,乌兰察布,177.0,4.533333333333333
太原,南宁,9999.0,9999.0
太原,三亚,9999.0,9999.0
太原,中山,9999.0,9999.0
太原,呼和浩特,217.0,5.333333333333333
太原,临汾,72.0,1.15
太原,周口,265.5,4.583333333333333
太原,上饶,687.5,8.566666666666666
太原,吉林市,9999.0,9999.0
太原,咸阳,187.5,4.233333333333333
太原,信阳,341.0,4.483333333333333
太原,兰州,363.0,7.133333333333334
太原,丽水,9999.0,9999.0
太原,四平,9999.0,9999.0
太原,固原,9999.0,9999.0
太原,保山,9999.0,9999.0
太原,临沧,9999.0,9999.0
太原,中卫,9999.0,9999.0
太原,大同,86.0,1.8166666666666667
太原,六安,9999.0,9999.0
太原,安康,9999.0,9999.0
太原,九江,9999.0,9999.0
太原,广州,869.0,7.733333333333333
唐山,上海,591.5,6.9
唐山,北京,30.0,1.5
唐山,儋州,9999.0,9999.0
唐山,伊春,9999.0,9999.0
唐山,呼伦贝尔,9999.0,9999.0
唐山,天津,25.0,0.26666666666666666
唐山,南京,456.5,5.183333333333334
唐山,东莞,9999.0,9999.0
唐山,厦门,9999.0,9999.0
唐山,宁波,721.5,7.233333333333333
唐山,哈尔滨,425.0,6.15
唐山,哈密,9999.0,9999.0
唐山,南通,554.5,6.133333333333334
唐山,佛山,9999.0,9999.0
唐山,保定,105.5,2.3333333333333335
唐山,合肥,482.5,5.083333333333333
唐山,南昌,9999.0,9999.0
唐山,大连,295.5,4.05
唐山,临沂,310.5,3.25
唐山,乌鲁木齐,9999.0,9999.0
唐山,南阳,509.0,5.666666666666667
唐山,台州,9999.0,9999.0
唐山,嘉兴,675.5,7.25
唐山,太原,248.5,4.083333333333333
唐山,唐山,9999.0,9999.0
唐山,丽江,9999.0,9999.0
唐山,三明,9999.0,9999.0
唐山,吐鲁番,9999.0,9999.0
唐山,乌兰察布,9999.0,9999.0
唐山,南宁,9999.0,9999.0
唐山,三亚,9999.0,9999.0
唐山,中山,9999.0,9999.0
唐山,呼和浩特,9999.0,9999.0
唐山,临汾,335.5,5.783333333333333
唐山,周口,9999.0,9999.0
唐山,上饶,691.5,7.583333333333333
唐山,吉林市,9999.0,9999.0
唐山,咸阳,9999.0,9999.0
唐山,信阳,461.0,6.216666666666667
唐山,兰州,9999.0,9999.0
唐山,丽水,815.5,9.4
唐山,四平,262.0,4.566666666666666
唐山,固原,9999.0,9999.0
唐山,保山,9999.0,9999.0
唐山,临沧,9999.0,9999.0
唐山,中卫,9999.0,9999.0
唐山,大同,9999.0,9999.0
唐山,六安,9999.0,9999.0
唐山,安康,9999.0,9999.0
唐山,九江,9999.0,9999.0
唐山,广州,9999.0,9999.0
丽江,上海,9999.0,9999.0
丽江,北京,9999.0,9999.0
丽江,儋州,9999.0,9999.0
丽江,伊春,9999.0,9999.0
丽江,呼伦贝尔,9999.0,9999.0
丽江,天津,9999.0,9999.0
丽江,南京,9999.0,9999.0
丽江,东莞,9999.0,9999.0
丽江,厦门,9999.0,9999.0
丽江,宁波,9999.0,9999.0
丽江,哈尔滨,9999.0,9999.0
丽江,哈密,9999.0,9999.0
丽江,南通,9999.0,9999.0
丽江,佛山,9999.0,9999.0
丽江,保定,9999.0,9999.0
丽江,合肥,9999.0,9999.0
丽江,南昌,9999.0,9999.0
丽江,大连,9999.0,9999.0
丽江,临沂,9999.0,9999.0
丽江,乌鲁木齐,9999.0,9999.0
丽江,南阳,9999.0,9999.0
丽江,台州,9999.0,9999.0
丽江,嘉兴,9999.0,9999.0
丽江,太原,9999.0,9999.0
丽江,唐山,9999.0,9999.0
丽江,丽江,9999.0,9999.0
丽江,三明,9999.0,9999.0
丽江,吐鲁番,9999.0,9999.0
丽江,乌兰察布,9999.0,9999.0
丽江,南宁,493.0,7.916666666666667
丽江,三亚,9999.0,9999.0
丽江,中山,9999.0,9999.0
丽江,呼和浩特,9999.0,9999.0
丽江,临汾,9999.0,9999.0
丽江,周口,9999.0,9999.0
丽江,上饶,9999.0,9999.0
丽江,吉林市,9999.0,9999.0
丽江,咸阳,9999.0,9999.0
丽江,信阳,9999.0,9999.0
丽江,兰州,9999.0,9999.0
丽江,丽水,9999.0,9999.0
丽江,四平,9999.0,9999.0
丽江,固原,9999.0,9999.0
丽江,保山,119.0,3.3833333333333333
丽江,临沧,9999.0,9999.0
丽江,中卫,9999.0,9999.0
丽江,大同,9999.0,9999.0
丽江,六安,9999.0,9999.0
丽江,安康,9999.0,9999.0
丽江,九江,9999.0,9999.0
丽江,广州,9999.0,9999.0
三明,上海,365.5,4.533333333333333
三明,北京,359.0,15.166666666666666
三明,儋州,9999.0,9999.0
三明,伊春,9999.0,9999.0
三明,呼伦贝尔,9999.0,9999.0
三明,天津,9999.0,9999.0
三明,南京,334.0,5.833333333333333
三明,东莞,327.0,5.583333333333333
三明,厦门,71.0,2.65
三明,宁波,268.0,5.416666666666667
三明,哈尔滨,9999.0,9999.0
三明,哈密,9999.0,9999.0
三明,南通,9999.0,9999.0
三明,佛山,9999.0,9999.0
三明,保定,9999.0,9999.0
三明,合肥,326.0,4.383333333333334
三明,南昌,71.0,2.9
三明,大连,9999.0,9999.0
三明,临沂,9999.0,9999.0
三明,乌鲁木齐,9999.0,9999.0
三明,南阳,9999.0,9999.0
三明,台州,212.0,4.35
三明,嘉兴,347.5,4.366666666666666
三明,太原,9999.0,9999.0
三明,唐山,9999.0,9999.0
三明,丽江,9999.0,9999.0
三明,三明,9999.0,9999.0
三明,吐鲁番,9999.0,9999.0
三明,乌兰察布,9999.0,9999.0
三明,南宁,9999.0,9999.0
三明,三亚,9999.0,9999.0
三明,中山,9999.0,9999.0
三明,呼和浩特,9999.0,9999.0
三明,临汾,9999.0,9999.0
三明,周口,9999.0,9999.0
三明,上饶,119.5,1.4833333333333334
三明,吉林市,9999.0,9999.0
三明,咸阳,9999.0,9999.0
三明,信阳,321.5,6.016666666666667
三明,兰州,9999.0,9999.0
三明,丽水,9999.0,9999.0
三明,四平,9999.0,9999.0
三明,固原,9999.0,9999.0
三明,保山,9999.0,9999.0
三明,临沧,9999.0,9999.0
三明,中卫,9999.0,9999.0
三明,大同,9999.0,9999.0
三明,六安,9999.0,9999.0
三明,安康,9999.0,9999.0
三明,九江,139.0,3.4166666666666665
三明,广州,392.0,6.466666666666667
吐鲁番,上海,9999.0,9999.0
吐鲁番,北京,9999.0,9999.0
吐鲁番,儋州,9999.0,9999.0
吐鲁番,伊春,9999.0,9999.0
吐鲁番,呼伦贝尔,9999.0,9999.0
吐鲁番,天津,9999.0,9999.0
吐鲁番,南京,9999.0,9999.0
吐鲁番,东莞,9999.0,9999.0
吐鲁番,厦门,9999.0,9999.0
吐鲁番,宁波,9999.0,9999.0
吐鲁番,哈尔滨,9999.0,9999.0
吐鲁番,哈密,115.0,1.8166666666666667
吐鲁番,南通,9999.0,9999.0
吐鲁番,佛山,9999.0,9999.0
吐鲁番,保定,9999.0,9999.0
吐鲁番,合肥,9999.0,9999.0
吐鲁番,南昌,9999.0,9999.0
吐鲁番,大连,9999.0,9999.0
吐鲁番,临沂,9999.0,9999.0
吐鲁番,乌鲁木齐,49.0,0.8
吐鲁番,南阳,9999.0,9999.0
吐鲁番,台州,9999.0,9999.0
吐鲁番,嘉兴,9999.0,9999.0
吐鲁番,太原,9999.0,9999.0
吐鲁番,唐山,9999.0,9999.0
吐鲁番,丽江,9999.0,9999.0
吐鲁番,三明,9999.0,9999.0
吐鲁番,吐鲁番,9999.0,9999.0
吐鲁番,乌兰察布,9999.0,9999.0
吐鲁番,南宁,9999.0,9999.0
吐鲁番,三亚,9999.0,9999.0
吐鲁番,中山,9999.0,9999.0
吐鲁番,呼和浩特,9999.0,9999.0
吐鲁番,临汾,9999.0,9999.0
吐鲁番,周口,9999.0,9999.0
吐鲁番,上饶,9999.0,9999.0
吐鲁番,吉林市,9999.0,9999.0
吐鲁番,咸阳,675.0,12.5
吐鲁番,信阳,9999.0,9999.0
吐鲁番,兰州,499.5,9.55
吐鲁番,丽水,9999.0,9999.0
吐鲁番,四平,9999.0,9999.0
吐鲁番,固原,9999.0,9999.0
吐鲁番,保山,9999.0,9999.0
吐鲁番,临沧,9999.0,9999.0
吐鲁番,中卫,9999.0,9999.0
吐鲁番,大同,9999.0,9999.0
吐鲁番,六安,9999.0,9999.0
吐鲁番,安康,9999.0,9999.0
吐鲁番,九江,9999.0,9999.0
吐鲁番,广州,9999.0,9999.0
乌兰察布,上海,9999.0,9999.0
乌兰察布,北京,116.0,2.0833333333333335
乌兰察布,儋州,9999.0,9999.0
乌兰察布,伊春,9999.0,9999.0
乌兰察布,呼伦贝尔,9999.0,9999.0
乌兰察布,天津,9999.0,9999.0
乌兰察布,南京,9999.0,9999.0
乌兰察布,东莞,9999.0,9999.0
乌兰察布,厦门,9999.0,9999.0
乌兰察布,宁波,9999.0,9999.0
乌兰察布,哈尔滨,9999.0,9999.0
乌兰察布,哈密,9999.0,9999.0
乌兰察布,南通,9999.0,9999.0
乌兰察布,佛山,9999.0,9999.0
乌兰察布,保定,9999.0,9999.0
乌兰察布,合肥,9999.0,9999.0
乌兰察布,南昌,9999.0,9999.0
乌兰察布,大连,9999.0,9999.0
乌兰察布,临沂,9999.0,9999.0
乌兰察布,乌鲁木齐,9999.0,9999.0
乌兰察布,南阳,9999.0,9999.0
乌兰察布,台州,9999.0,9999.0
乌兰察布,嘉兴,9999.0,9999.0
乌兰察布,太原,177.0,4.35
乌兰察布,唐山,9999.0,9999.0
乌兰察布,丽江,9999.0,9999.0
乌兰察布,三明,9999.0,9999.0
乌兰察布,吐鲁番,9999.0,9999.0
乌兰察布,乌兰察布,9999.0,9999.0
乌兰察布,南宁,9999.0,9999.0
乌兰察布,三亚,9999.0,9999.0
乌兰察布,中山,9999.0,9999.0
乌兰察布,呼和浩特,32.0,1.1333333333333333
乌兰察布,临汾,9999.0,9999.0
乌兰察布,周口,9999.0,9999.0
乌兰察布,上饶,9999.0,9999.0
乌兰察布,吉林市,9999.0,9999.0
乌兰察布,咸阳,9999.0,9999.0
乌兰察布,信阳,9999.0,9999.0
乌兰察布,兰州,9999.0,9999.0
乌兰察布,丽水,9999.0,9999.0
乌兰察布,四平,9999.0,9999.0
乌兰察布,固原,9999.0,9999.0
乌兰察布,保山,9999.0,9999.0
乌兰察布,临沧,9999.0,9999.0
乌兰察布,中卫,9999.0,9999.0
乌兰察布,大同,90.0,1.8166666666666667
乌兰察布,六安,9999.0,9999.0
乌兰察布,安康,9999.0,9999.0
乌兰察布,九江,9999.0,9999.0
乌兰察布,广州,9999.0,9999.0
南宁,上海,750.5,11.733333333333333
南宁,北京,953.5,10.85
南宁,儋州,9999.0,9999.0
南宁,伊春,9999.0,9999.0
南宁,呼伦贝尔,9999.0,9999.0
南宁,天津,9999.0,9999.0
南宁,南京,727.5,10.316666666666666
南宁,东莞,9999.0,9999.0
南宁,厦门,813.5,12.083333333333334
南宁,宁波,835.5,13.5
南宁,哈尔滨,9999.0,9999.0
南宁,哈密,9999.0,9999.0
南宁,南通,9999.0,9999.0
南宁,佛山,94.0,2.8666666666666667
南宁,保定,9999.0,9999.0
南宁,合肥,660.5,9.366666666666667
南宁,南昌,429.5,7.216666666666667
南宁,大连,9999.0,9999.0
南宁,临沂,9999.0,9999.0
南宁,乌鲁木齐,9999.0,9999.0
南宁,南阳,762.0,9.4
南宁,台州,779.5,12.55
南宁,嘉兴,716.5,11.233333333333333
南宁,太原,9999.0,9999.0
南宁,唐山,9999.0,9999.0
南宁,丽江,493.0,8.516666666666667
南宁,三明,9999.0,9999.0
南宁,吐鲁番,9999.0,9999.0
南宁,乌兰察布,9999.0,9999.0
南宁,南宁,9999.0,9999.0
南宁,三亚,9999.0,9999.0
南宁,中山,248.0,4.283333333333333
南宁,呼和浩特,9999.0,9999.0
南宁,临汾,9999.0,9999.0
南宁,周口,9999.0,9999.0
南宁,上饶,536.5,8.516666666666667
南宁,吉林市,9999.0,9999.0
南宁,咸阳,9999.0,9999.0
南宁,信阳,519.5,7.85
南宁,兰州,9999.0,9999.0
南宁,丽水,700.0,10.716666666666667
南宁,四平,9999.0,9999.0
南宁,固原,9999.0,9999.0
南宁,保山,9999.0,9999.0
南宁,临沧,9999.0,9999.0
南宁,中卫,9999.0,9999.0
南宁,大同,9999.0,9999.0
南宁,六安,628.5,8.833333333333334
南宁,安康,9999.0,9999.0
南宁,九江,9999.0,9999.0
南宁,广州,100.0,3.2333333333333334
三亚,上海,9999.0,9999.0
三亚,北京,9999.0,9999.0
三亚,儋州,9999.0,9999.0
三亚,伊春,9999.0,9999.0
三亚,呼伦贝尔,9999.0,9999.0
三亚,天津,9999.0,9999.0
三亚,南京,9999.0,9999.0
三亚,东莞,9999.0,9999.0
三亚,厦门,9999.0,9999.0
三亚,宁波,9999.0,9999.0
三亚,哈尔滨,9999.0,9999.0
三亚,哈密,9999.0,9999.0
三亚,南通,9999.0,9999.0
三亚,佛山,9999.0,9999.0
三亚,保定,9999.0,9999.0
三亚,合肥,9999.0,9999.0
三亚,南昌,9999.0,9999.0
三亚,大连,9999.0,9999.0
三亚,临沂,9999.0,9999.0
三亚,乌鲁木齐,9999.0,9999.0
三亚,南阳,9999.0,9999.0
三亚,台州,9999.0,9999.0
三亚,嘉兴,9999.0,9999.0
三亚,太原,9999.0,9999.0
三亚,唐山,9999.0,9999.0
三亚,丽江,9999.0,9999.0
三亚,三明,9999.0,9999.0
三亚,吐鲁番,9999.0,9999.0
三亚,乌兰察布,9999.0,9999.0
三亚,南宁,9999.0,9999.0
三亚,三亚,272.0,5.0
三亚,中山,9999.0,9999.0
三亚,呼和浩特,9999.0,9999.0
三亚,临汾,9999.0,9999.0
三亚,周口,9999.0,9999.0
三亚,上饶,9999.0,9999.0
三亚,吉林市,9999.0,9999.0
三亚,咸阳,9999.0,9999.0
三亚,信阳,9999.0,9999.0
三亚,兰州,9999.0,9999.0
三亚,丽水,9999.0,9999.0
三亚,四平,9999.0,9999.0
三亚,固原,9999.0,9999.0
三亚,保山,9999.0,9999.0
三亚,临沧,9999.0,9999.0
三亚,中卫,9999.0,9999.0
三亚,大同,9999.0,9999.0
三亚,六安,9999.0,9999.0
三亚,安康,9999.0,9999.0
三亚,九江,9999.0,9999.0
三亚,广州,9999.0,9999.0
中山,上海,832.0,9.15
中山,北京,990.0,10.666666666666666
中山,儋州,9999.0,9999.0
中山,伊春,9999.0,9999.0
中山,呼伦贝尔,9999.0,9999.0
中山,天津,9999.0,9999.0
中山,南京,9999.0,9999.0
中山,东莞,74.5,1.15
中山,厦门,9999.0,9999.0
中山,宁波,9999.0,9999.0
中山,哈尔滨,9999.0,9999.0
中山,哈密,9999.0,9999.0
中山,南通,910.0,10.5
中山,佛山,52.0,0.9333333333333333
中山,保定,9999.0,9999.0
中山,合肥,9999.0,9999.0
中山,南昌,511.0,5.166666666666667
中山,大连,9999.0,9999.0
中山,临沂,9999.0,9999.0
中山,乌鲁木齐,9999.0,9999.0
中山,南阳,9999.0,9999.0
中山,台州,9999.0,9999.0
中山,嘉兴,793.0,8.616666666666667
中山,太原,9999.0,9999.0
中山,唐山,9999.0,9999.0
中山,丽江,9999.0,9999.0
中山,三明,9999.0,9999.0
中山,吐鲁番,9999.0,9999.0
中山,乌兰察布,9999.0,9999.0
中山,南宁,270.0,4.316666666666666
中山,三亚,9999.0,9999.0
中山,中山,9999.0,9999.0
中山,呼和浩特,9999.0,9999.0
中山,临汾,9999.0,9999.0
中山,周口,9999.0,9999.0
中山,上饶,618.0,6.366666666666666
中山,吉林市,9999.0,9999.0
中山,咸阳,9999.0,9999.0
中山,信阳,629.0,6.083333333333333
中山,兰州,9999.0,9999.0
中山,丽水,9999.0,9999.0
中山,四平,9999.0,9999.0
中山,固原,9999.0,9999.0
中山,保山,9999.0,9999.0
中山,临沧,9999.0,9999.0
中山,中卫,9999.0,9999.0
中山,大同,9999.0,9999.0
中山,六安,9999.0,9999.0
中山,安康,9999.0,9999.0
中山,九江,9999.0,9999.0
中山,广州,20.0,0.38333333333333336
呼和浩特,上海,9999.0,9999.0
呼和浩特,北京,161.0,2.7666666666666666
呼和浩特,儋州,9999.0,9999.0
呼和浩特,伊春,9999.0,9999.0
呼和浩特,呼伦贝尔,9999.0,9999.0
呼和浩特,天津,9999.0,9999.0
呼和浩特,南京,9999.0,9999.0
呼和浩特,东莞,9999.0,9999.0
呼和浩特,厦门,9999.0,9999.0
呼和浩特,宁波,9999.0,9999.0
呼和浩特,哈尔滨,9999.0,9999.0
呼和浩特,哈密,9999.0,9999.0
呼和浩特,南通,9999.0,9999.0
呼和浩特,佛山,9999.0,9999.0
呼和浩特,保定,9999.0,9999.0
呼和浩特,合肥,9999.0,9999.0
呼和浩特,南昌,9999.0,9999.0
呼和浩特,大连,9999.0,9999.0
呼和浩特,临沂,9999.0,9999.0
呼和浩特,乌鲁木齐,9999.0,9999.0
呼和浩特,南阳,9999.0,9999.0
呼和浩特,台州,9999.0,9999.0
呼和浩特,嘉兴,9999.0,9999.0
呼和浩特,太原,217.0,5.133333333333334
呼和浩特,唐山,9999.0,9999.0
呼和浩特,丽江,9999.0,9999.0
呼和浩特,三明,9999.0,9999.0
呼和浩特,吐鲁番,9999.0,9999.0
呼和浩特,乌兰察布,32.0,1.0
呼和浩特,南宁,9999.0,9999.0
呼和浩特,三亚,9999.0,9999.0
呼和浩特,中山,9999.0,9999.0
呼和浩特,呼和浩特,9999.0,9999.0
呼和浩特,临汾,9999.0,9999.0
呼和浩特,周口,9999.0,9999.0
呼和浩特,上饶,9999.0,9999.0
呼和浩特,吉林市,9999.0,9999.0
呼和浩特,咸阳,9999.0,9999.0
呼和浩特,信阳,9999.0,9999.0
呼和浩特,兰州,9999.0,9999.0
呼和浩特,丽水,9999.0,9999.0
呼和浩特,四平,9999.0,9999.0
呼和浩特,固原,9999.0,9999.0
呼和浩特,保山,9999.0,9999.0
呼和浩特,临沧,9999.0,9999.0
呼和浩特,中卫,9999.0,9999.0
呼和浩特,大同,130.0,2.6
呼和浩特,六安,9999.0,9999.0
呼和浩特,安康,9999.0,9999.0
呼和浩特,九江,9999.0,9999.0
呼和浩特,广州,9999.0,9999.0
临汾,上海,9999.0,9999.0
临汾,北京,269.5,5.016666666666667
临汾,儋州,9999.0,9999.0
临汾,伊春,9999.0,9999.0
临汾,呼伦贝尔,9999.0,9999.0
临汾,天津,281.0,5.2
临汾,南京,9999.0,9999.0
临汾,东莞,9999.0,9999.0
临汾,厦门,9999.0,9999.0
临汾,宁波,9999.0,9999.0
临汾,哈尔滨,820.5,12.15
临汾,哈密,9999.0,9999.0
临汾,南通,9999.0,9999.0
临汾,佛山,9999.0,9999.0
临汾,保定,208.5,4.316666666666666
临汾,合肥,9999.0,9999.0
临汾,南昌,9999.0,9999.0
临汾,大连,9999.0,9999.0
临汾,临沂,9999.0,9999.0
临汾,乌鲁木齐,9999.0,9999.0
临汾,南阳,9999.0,9999.0
临汾,台州,9999.0,9999.0
临汾,嘉兴,9999.0,9999.0
临汾,太原,72.0,1.1666666666666667
临汾,唐山,335.5,6.2
临汾,丽江,9999.0,9999.0
临汾,三明,9999.0,9999.0
临汾,吐鲁番,9999.0,9999.0
临汾,乌兰察布,9999.0,9999.0
临汾,南宁,9999.0,9999.0
临汾,三亚,9999.0,9999.0
临汾,中山,9999.0,9999.0
临汾,呼和浩特,9999.0,9999.0
临汾,临汾,9999.0,9999.0
临汾,周口,9999.0,9999.0
临汾,上饶,9999.0,9999.0
临汾,吉林市,9999.0,9999.0
临汾,咸阳,116.0,2.6666666666666665
临汾,信阳,9999.0,9999.0
临汾,兰州,291.5,5.783333333333333
临汾,丽水,9999.0,9999.0
临汾,四平,9999.0,9999.0
临汾,固原,9999.0,9999.0
临汾,保山,9999.0,9999.0
临汾,临沧,9999.0,9999.0
临汾,中卫,9999.0,9999.0
临汾,大同,161.0,3.533333333333333
临汾,六安,9999.0,9999.0
临汾,安康,9999.0,9999.0
临汾,九江,9999.0,9999.0
临汾,广州,9999.0,9999.0
周口,上海,366.0,4.666666666666667
周口,北京,397.0,4.333333333333333
周口,儋州,9999.0,9999.0
周口,伊春,9999.0,9999.0
周口,呼伦贝尔,9999.0,9999.0
周口,天津,9999.0,9999.0
周口,南京,225.0,3.05
周口,东莞,858.5,9.95
周口,厦门,9999.0,9999.0
周口,宁波,427.5,5.85
周口,哈尔滨,9999.0,9999.0
周口,哈密,9999.0,9999.0
周口,南通,9999.0,9999.0
周口,佛山,9999.0,9999.0
周口,保定,340.0,3.6
周口,合肥,146.0,2.3833333333333333
周口,南昌,421.5,5.783333333333333
周口,大连,9999.0,9999.0
周口,临沂,9999.0,9999.0
周口,乌鲁木齐,9999.0,9999.0
周口,南阳,9999.0,9999.0
周口,台州,536.5,6.55
周口,嘉兴,432.0,4.95
周口,太原,265.5,4.666666666666667
周口,唐山,9999.0,9999.0
周口,丽江,9999.0,9999.0
周口,三明,9999.0,9999.0
周口,吐鲁番,9999.0,9999.0
周口,乌兰察布,9999.0,9999.0
周口,南宁,9999.0,9999.0
周口,三亚,9999.0,9999.0
周口,中山,9999.0,9999.0
周口,呼和浩特,9999.0,9999.0
周口,临汾,9999.0,9999.0
周口,周口,9999.0,9999.0
周口,上饶,382.5,5.15
周口,吉林市,9999.0,9999.0
周口,咸阳,9999.0,9999.0
周口,信阳,9999.0,9999.0
周口,兰州,9999.0,9999.0
周口,丽水,9999.0,9999.0
周口,四平,9999.0,9999.0
周口,固原,9999.0,9999.0
周口,保山,9999.0,9999.0
周口,临沧,9999.0,9999.0
周口,中卫,9999.0,9999.0
周口,大同,9999.0,9999.0
周口,六安,9999.0,9999.0
周口,安康,9999.0,9999.0
周口,九江,385.5,4.95
周口,广州,9999.0,9999.0
上饶,上海,184.0,2.6166666666666667
上饶,北京,634.0,5.816666666666666
上饶,儋州,9999.0,9999.0
上饶,伊春,9999.0,9999.0
上饶,呼伦贝尔,9999.0,9999.0
上饶,天津,602.0,7.066666666666666
上饶,南京,250.0,3.35
上饶,东莞,9999.0,9999.0
上饶,厦门,194.5,4.483333333333333
上饶,宁波,212.0,3.066666666666667
上饶,哈尔滨,9999.0,9999.0
上饶,哈密,9999.0,9999.0
上饶,南通,308.0,4.1
上饶,佛山,9999.0,9999.0
上饶,保定,9999.0,9999.0
上饶,合肥,215.0,2.3
上饶,南昌,73.0,1.2666666666666666
上饶,大连,9999.0,9999.0
上饶,临沂,9999.0,9999.0
上饶,乌鲁木齐,9999.0,9999.0
上饶,南阳,9999.0,9999.0
上饶,台州,203.0,3.75
上饶,嘉兴,168.0,2.533333333333333
上饶,太原,687.5,8.616666666666667
上饶,唐山,9999.0,9999.0
上饶,丽江,9999.0,9999.0
上饶,三明,119.5,1.25
上饶,吐鲁番,9999.0,9999.0
上饶,乌兰察布,9999.0,9999.0
上饶,南宁,576.5,8.3
上饶,三亚,9999.0,9999.0
上饶,中山,9999.0,9999.0
上饶,呼和浩特,9999.0,9999.0
上饶,临汾,9999.0,9999.0
上饶,周口,373.5,4.683333333333334
上饶,上饶,9999.0,9999.0
上饶,吉林市,9999.0,9999.0
上饶,咸阳,9999.0,9999.0
上饶,信阳,333.0,4.333333333333333
上饶,兰州,9999.0,9999.0
上饶,丽水,123.5,1.8666666666666667
上饶,四平,9999.0,9999.0
上饶,固原,9999.0,9999.0
上饶,保山,9999.0,9999.0
上饶,临沧,9999.0,9999.0
上饶,中卫,9999.0,9999.0
上饶,大同,9999.0,9999.0
上饶,六安,9999.0,9999.0
上饶,安康,9999.0,9999.0
上饶,九江,100.5,2.4833333333333334
上饶,广州,532.0,6.3
吉林市,上海,9999.0,9999.0
吉林市,北京,9999.0,9999.0
吉林市,儋州,9999.0,9999.0
吉林市,伊春,9999.0,9999.0
吉林市,呼伦贝尔,9999.0,9999.0
吉林市,天津,9999.0,9999.0
吉林市,南京,9999.0,9999.0
吉林市,东莞,9999.0,9999.0
吉林市,厦门,9999.0,9999.0
吉林市,宁波,9999.0,9999.0
吉林市,哈尔滨,9999.0,9999.0
吉林市,哈密,9999.0,9999.0
吉林市,南通,9999.0,9999.0
吉林市,佛山,9999.0,9999.0
吉林市,保定,9999.0,9999.0
吉林市,合肥,9999.0,9999.0
吉林市,南昌,9999.0,9999.0
吉林市,大连,9999.0,9999.0
吉林市,临沂,9999.0,9999.0
吉林市,乌鲁木齐,9999.0,9999.0
吉林市,南阳,9999.0,9999.0
吉林市,台州,9999.0,9999.0
吉林市,嘉兴,9999.0,9999.0
吉林市,太原,9999.0,9999.0
吉林市,唐山,9999.0,9999.0
吉林市,丽江,9999.0,9999.0
吉林市,三明,9999.0,9999.0
吉林市,吐鲁番,9999.0,9999.0
吉林市,乌兰察布,9999.0,9999.0
吉林市,南宁,9999.0,9999.0
吉林市,三亚,9999.0,9999.0
吉林市,中山,9999.0,9999.0
吉林市,呼和浩特,9999.0,9999.0
吉林市,临汾,9999.0,9999.0
吉林市,周口,9999.0,9999.0
吉林市,上饶,9999.0,9999.0
吉林市,吉林市,9999.0,9999.0
吉林市,咸阳,9999.0,9999.0
吉林市,信阳,9999.0,9999.0
吉林市,兰州,9999.0,9999.0
吉林市,丽水,9999.0,9999.0
吉林市,四平,9999.0,9999.0
吉林市,固原,9999.0,9999.0
吉林市,保山,9999.0,9999.0
吉林市,临沧,9999.0,9999.0
吉林市,中卫,9999.0,9999.0
吉林市,大同,9999.0,9999.0
吉林市,六安,9999.0,9999.0
吉林市,安康,9999.0,9999.0
吉林市,九江,9999.0,9999.0
吉林市,广州,9999.0,9999.0
咸阳,上海,718.0,7.45
咸阳,北京,9999.0,9999.0
咸阳,儋州,9999.0,9999.0
咸阳,伊春,9999.0,9999.0
咸阳,呼伦贝尔,9999.0,9999.0
咸阳,天津,582.5,6.166666666666667
咸阳,南京,571.0,5.816666666666666
咸阳,东莞,9999.0,9999.0
咸阳,厦门,9999.0,9999.0
咸阳,宁波,9999.0,9999.0
咸阳,哈尔滨,9999.0,9999.0
咸阳,哈密,560.5,10.783333333333333
咸阳,南通,9999.0,9999.0
咸阳,佛山,9999.0,9999.0
咸阳,保定,524.0,4.966666666666667
咸阳,合肥,545.0,5.583333333333333
咸阳,南昌,9999.0,9999.0
咸阳,大连,9999.0,9999.0
咸阳,临沂,9999.0,9999.0
咸阳,乌鲁木齐,726.5,13.966666666666667
咸阳,南阳,9999.0,9999.0
咸阳,台州,9999.0,9999.0
咸阳,嘉兴,9999.0,9999.0
咸阳,太原,9999.0,9999.0
咸阳,唐山,9999.0,9999.0
咸阳,丽江,9999.0,9999.0
咸阳,三明,9999.0,9999.0
咸阳,吐鲁番,675.0,12.65
咸阳,乌兰察布,9999.0,9999.0
咸阳,南宁,9999.0,9999.0
咸阳,三亚,9999.0,9999.0
咸阳,中山,9999.0,9999.0
咸阳,呼和浩特,9999.0,9999.0
咸阳,临汾,9999.0,9999.0
咸阳,周口,9999.0,9999.0
咸阳,上饶,9999.0,9999.0
咸阳,吉林市,9999.0,9999.0
咸阳,咸阳,9999.0,9999.0
咸阳,信阳,9999.0,9999.0
咸阳,兰州,115.0,6.933333333333334
咸阳,丽水,9999.0,9999.0
咸阳,四平,9999.0,9999.0
咸阳,固原,9999.0,9999.0
咸阳,保山,9999.0,9999.0
咸阳,临沧,9999.0,9999.0
咸阳,中卫,235.0,4.15
咸阳,大同,9999.0,9999.0
咸阳,六安,9999.0,9999.0
咸阳,安康,9999.0,9999.0
咸阳,九江,9999.0,9999.0
咸阳,广州,9999.0,9999.0
信阳,上海,412.0,5.216666666666667
信阳,北京,353.0,4.766666666666667
信阳,儋州,9999.0,9999.0
信阳,伊春,9999.0,9999.0
信阳,呼伦贝尔,9999.0,9999.0
信阳,天津,406.5,5.666666666666667
信阳,南京,271.0,3.8
信阳,东莞,514.5,6.066666666666666
信阳,厦门,517.0,9.483333333333333
信阳,宁波,9999.0,9999.0
信阳,哈尔滨,940.5,11.733333333333333
信阳,哈密,9999.0,9999.0
信阳,南通,9999.0,9999.0
信阳,佛山,9999.0,9999.0
信阳,保定,309.0,4.033333333333333
信阳,合肥,196.0,3.3333333333333335
信阳,南昌,198.0,3.716666666666667
信阳,大连,796.5,10.733333333333333
信阳,临沂,9999.0,9999.0
信阳,乌鲁木齐,9999.0,9999.0
信阳,南阳,9999.0,9999.0
信阳,台州,9999.0,9999.0
信阳,嘉兴,9999.0,9999.0
信阳,太原,373.0,4.816666666666666
信阳,唐山,461.0,6.533333333333333
信阳,丽江,9999.0,9999.0
信阳,三明,321.5,6.5
信阳,吐鲁番,9999.0,9999.0
信阳,乌兰察布,9999.0,9999.0
信阳,南宁,526.5,7.916666666666667
信阳,三亚,9999.0,9999.0
信阳,中山,574.0,6.25
信阳,呼和浩特,9999.0,9999.0
信阳,临汾,9999.0,9999.0
信阳,周口,9999.0,9999.0
信阳,上饶,279.5,5.233333333333333
信阳,吉林市,9999.0,9999.0
信阳,咸阳,384.5,4.25
信阳,信阳,9999.0,9999.0
信阳,兰州,574.5,7.2
信阳,丽水,403.0,7.366666666666666
信阳,四平,9999.0,9999.0
信阳,固原,9999.0,9999.0
信阳,保山,9999.0,9999.0
信阳,临沧,9999.0,9999.0
信阳,中卫,9999.0,9999.0
信阳,大同,9999.0,9999.0
信阳,六安,164.0,2.8833333333333333
信阳,安康,9999.0,9999.0
信阳,九江,166.0,2.8
信阳,广州,208.0,13.7
兰州,上海,310.0,23.75
兰州,北京,272.0,20.85
兰州,儋州,9999.0,9999.0
兰州,伊春,9999.0,9999.0
兰州,呼伦贝尔,9999.0,9999.0
兰州,天津,772.5,9.133333333333333
兰州,南京,280.0,20.916666666666668
兰州,东莞,9999.0,9999.0
兰州,厦门,9999.0,9999.0
兰州,宁波,9999.0,9999.0
兰州,哈尔滨,9999.0,9999.0
兰州,哈密,385.0,8.183333333333334
兰州,南通,9999.0,9999.0
兰州,佛山,9999.0,9999.0
兰州,保定,257.0,19.433333333333334
兰州,合肥,704.5,8.683333333333334
兰州,南昌,763.0,10.283333333333333
兰州,大连,9999.0,9999.0
兰州,临沂,687.0,7.65
兰州,乌鲁木齐,551.0,11.166666666666666
兰州,南阳,9999.0,9999.0
兰州,台州,9999.0,9999.0
兰州,嘉兴,9999.0,9999.0
兰州,太原,363.0,6.816666666666666
兰州,唐山,9999.0,9999.0
兰州,丽江,9999.0,9999.0
兰州,三明,9999.0,9999.0
兰州,吐鲁番,499.5,10.166666666666666
兰州,乌兰察布,9999.0,9999.0
兰州,南宁,9999.0,9999.0
兰州,三亚,9999.0,9999.0
兰州,中山,9999.0,9999.0
兰州,呼和浩特,9999.0,9999.0
兰州,临汾,291.5,5.433333333333334
兰州,周口,9999.0,9999.0
兰州,上饶,958.5,11.716666666666667
兰州,吉林市,9999.0,9999.0
兰州,咸阳,175.5,2.8166666666666664
兰州,信阳,534.5,7.366666666666666
兰州,兰州,9999.0,9999.0
兰州,丽水,9999.0,9999.0
兰州,四平,9999.0,9999.0
兰州,固原,9999.0,9999.0
兰州,保山,9999.0,9999.0
兰州,临沧,9999.0,9999.0
兰州,中卫,73.0,1.3833333333333333
兰州,大同,9999.0,9999.0
兰州,六安,9999.0,9999.0
兰州,安康,9999.0,9999.0
兰州,九江,9999.0,9999.0
兰州,广州,1012.0,12.466666666666667
丽水,上海,156.0,2.2
丽水,北京,717.0,8.35
丽水,儋州,9999.0,9999.0
丽水,伊春,9999.0,9999.0
丽水,呼伦贝尔,9999.0,9999.0
丽水,天津,739.0,8.8
丽水,南京,177.5,3.2666666666666666
丽水,东莞,9999.0,9999.0
丽水,厦门,226.5,4.333333333333333
丽水,宁波,135.5,2.966666666666667
丽水,哈尔滨,9999.0,9999.0
丽水,哈密,9999.0,9999.0
丽水,南通,9999.0,9999.0
丽水,佛山,9999.0,9999.0
丽水,保定,9999.0,9999.0
丽水,合肥,293.0,3.9
丽水,南昌,194.5,3.2666666666666666
丽水,大连,9999.0,9999.0
丽水,临沂,9999.0,9999.0
丽水,乌鲁木齐,9999.0,9999.0
丽水,南阳,9999.0,9999.0
丽水,台州,79.5,1.8666666666666667
丽水,嘉兴,136.0,2.3
丽水,太原,9999.0,9999.0
丽水,唐山,789.5,9.6
丽水,丽江,9999.0,9999.0
丽水,三明,9999.0,9999.0
丽水,吐鲁番,9999.0,9999.0
丽水,乌兰察布,9999.0,9999.0
丽水,南宁,691.0,10.466666666666667
丽水,三亚,9999.0,9999.0
丽水,中山,9999.0,9999.0
丽水,呼和浩特,9999.0,9999.0
丽水,临汾,9999.0,9999.0
丽水,周口,469.5,5.85
丽水,上饶,105.5,2.283333333333333
丽水,吉林市,9999.0,9999.0
丽水,咸阳,9999.0,9999.0
丽水,信阳,9999.0,9999.0
丽水,兰州,9999.0,9999.0
丽水,丽水,9999.0,9999.0
丽水,四平,9999.0,9999.0
丽水,固原,9999.0,9999.0
丽水,保山,9999.0,9999.0
丽水,临沧,9999.0,9999.0
丽水,中卫,9999.0,9999.0
丽水,大同,9999.0,9999.0
丽水,六安,330.0,4.65
丽水,安康,9999.0,9999.0
丽水,九江,237.0,5.166666666666667
丽水,广州,9999.0,9999.0
四平,上海,868.5,11.333333333333334
四平,北京,343.5,4.216666666666667
四平,儋州,9999.0,9999.0
四平,伊春,9999.0,9999.0
四平,呼伦贝尔,9999.0,9999.0
四平,天津,295.5,4.633333333333333
四平,南京,750.5,9.366666666666667
四平,东莞,9999.0,9999.0
四平,厦门,9999.0,9999.0
四平,宁波,9999.0,9999.0
四平,哈尔滨,164.5,1.45
四平,哈密,9999.0,9999.0
四平,南通,831.5,10.733333333333333
四平,佛山,9999.0,9999.0
四平,保定,382.5,6.383333333333334
四平,合肥,9999.0,9999.0
四平,南昌,9999.0,9999.0
四平,大连,255.0,2.85
四平,临沂,9999.0,9999.0
四平,乌鲁木齐,9999.0,9999.0
四平,南阳,9999.0,9999.0
四平,台州,9999.0,9999.0
四平,嘉兴,9999.0,9999.0
四平,太原,540.0,8.75
四平,唐山,270.5,4.316666666666666
四平,丽江,9999.0,9999.0
四平,三明,9999.0,9999.0
四平,吐鲁番,9999.0,9999.0
四平,乌兰察布,9999.0,9999.0
四平,南宁,9999.0,9999.0
四平,三亚,9999.0,9999.0
四平,中山,9999.0,9999.0
四平,呼和浩特,9999.0,9999.0
四平,临汾,612.0,10.25
四平,周口,9999.0,9999.0
四平,上饶,9999.0,9999.0
四平,吉林市,9999.0,9999.0
四平,咸阳,9999.0,9999.0
四平,信阳,737.5,10.516666666666667
四平,兰州,9999.0,9999.0
四平,丽水,9999.0,9999.0
四平,四平,9999.0,9999.0
四平,固原,9999.0,9999.0
四平,保山,9999.0,9999.0
四平,临沧,9999.0,9999.0
四平,中卫,9999.0,9999.0
四平,大同,9999.0,9999.0
四平,六安,9999.0,9999.0
四平,安康,9999.0,9999.0
四平,九江,9999.0,9999.0
四平,广州,9999.0,9999.0
固原,上海,9999.0,9999.0
固原,北京,9999.0,9999.0
固原,儋州,9999.0,9999.0
固原,伊春,9999.0,9999.0
固原,呼伦贝尔,9999.0,9999.0
固原,天津,9999.0,9999.0
固原,南京,9999.0,9999.0
固原,东莞,9999.0,9999.0
固原,厦门,9999.0,9999.0
固原,宁波,9999.0,9999.0
固原,哈尔滨,9999.0,9999.0
固原,哈密,9999.0,9999.0
固原,南通,9999.0,9999.0
固原,佛山,9999.0,9999.0
固原,保定,9999.0,9999.0
固原,合肥,9999.0,9999.0
固原,南昌,9999.0,9999.0
固原,大连,9999.0,9999.0
固原,临沂,9999.0,9999.0
固原,乌鲁木齐,9999.0,9999.0
固原,南阳,9999.0,9999.0
固原,台州,9999.0,9999.0
固原,嘉兴,9999.0,9999.0
固原,太原,9999.0,9999.0
固原,唐山,9999.0,9999.0
固原,丽江,9999.0,9999.0
固原,三明,9999.0,9999.0
固原,吐鲁番,9999.0,9999.0
固原,乌兰察布,9999.0,9999.0
固原,南宁,9999.0,9999.0
固原,三亚,9999.0,9999.0
固原,中山,9999.0,9999.0
固原,呼和浩特,9999.0,9999.0
固原,临汾,9999.0,9999.0
固原,周口,9999.0,9999.0
固原,上饶,9999.0,9999.0
固原,吉林市,9999.0,9999.0
固原,咸阳,9999.0,9999.0
固原,信阳,9999.0,9999.0
固原,兰州,9999.0,9999.0
固原,丽水,9999.0,9999.0
固原,四平,9999.0,9999.0
固原,固原,9999.0,9999.0
固原,保山,9999.0,9999.0
固原,临沧,9999.0,9999.0
固原,中卫,9999.0,9999.0
固原,大同,9999.0,9999.0
固原,六安,9999.0,9999.0
固原,安康,9999.0,9999.0
固原,九江,9999.0,9999.0
固原,广州,9999.0,9999.0
保山,上海,9999.0,9999.0
保山,北京,9999.0,9999.0
保山,儋州,9999.0,9999.0
保山,伊春,9999.0,9999.0
保山,呼伦贝尔,9999.0,9999.0
保山,天津,9999.0,9999.0
保山,南京,9999.0,9999.0
保山,东莞,9999.0,9999.0
保山,厦门,9999.0,9999.0
保山,宁波,9999.0,9999.0
保山,哈尔滨,9999.0,9999.0
保山,哈密,9999.0,9999.0
保山,南通,9999.0,9999.0
保山,佛山,9999.0,9999.0
保山,保定,9999.0,9999.0
保山,合肥,9999.0,9999.0
保山,南昌,9999.0,9999.0
保山,大连,9999.0,9999.0
保山,临沂,9999.0,9999.0
保山,乌鲁木齐,9999.0,9999.0
保山,南阳,9999.0,9999.0
保山,台州,9999.0,9999.0
保山,嘉兴,9999.0,9999.0
保山,太原,9999.0,9999.0
保山,唐山,9999.0,9999.0
保山,丽江,112.0,3.75
保山,三明,9999.0,9999.0
保山,吐鲁番,9999.0,9999.0
保山,乌兰察布,9999.0,9999.0
保山,南宁,9999.0,9999.0
保山,三亚,9999.0,9999.0
保山,中山,9999.0,9999.0
保山,呼和浩特,9999.0,9999.0
保山,临汾,9999.0,9999.0
保山,周口,9999.0,9999.0
保山,上饶,9999.0,9999.0
保山,吉林市,9999.0,9999.0
保山,咸阳,9999.0,9999.0
保山,信阳,9999.0,9999.0
保山,兰州,9999.0,9999.0
保山,丽水,9999.0,9999.0
保山,四平,9999.0,9999.0
保山,固原,9999.0,9999.0
保山,保山,9999.0,9999.0
保山,临沧,9999.0,9999.0
保山,中卫,9999.0,9999.0
保山,大同,9999.0,9999.0
保山,六安,9999.0,9999.0
保山,安康,9999.0,9999.0
保山,九江,9999.0,9999.0
保山,广州,9999.0,9999.0
临沧,上海,9999.0,9999.0
临沧,北京,9999.0,9999.0
临沧,儋州,9999.0,9999.0
临沧,伊春,9999.0,9999.0
临沧,呼伦贝尔,9999.0,9999.0
临沧,天津,9999.0,9999.0
临沧,南京,9999.0,9999.0
临沧,东莞,9999.0,9999.0
临沧,厦门,9999.0,9999.0
临沧,宁波,9999.0,9999.0
临沧,哈尔滨,9999.0,9999.0
临沧,哈密,9999.0,9999.0
临沧,南通,9999.0,9999.0
临沧,佛山,9999.0,9999.0
临沧,保定,9999.0,9999.0
临沧,合肥,9999.0,9999.0
临沧,南昌,9999.0,9999.0
临沧,大连,9999.0,9999.0
临沧,临沂,9999.0,9999.0
临沧,乌鲁木齐,9999.0,9999.0
临沧,南阳,9999.0,9999.0
临沧,台州,9999.0,9999.0
临沧,嘉兴,9999.0,9999.0
临沧,太原,9999.0,9999.0
临沧,唐山,9999.0,9999.0
临沧,丽江,9999.0,9999.0
临沧,三明,9999.0,9999.0
临沧,吐鲁番,9999.0,9999.0
临沧,乌兰察布,9999.0,9999.0
临沧,南宁,9999.0,9999.0
临沧,三亚,9999.0,9999.0
临沧,中山,9999.0,9999.0
临沧,呼和浩特,9999.0,9999.0
临沧,临汾,9999.0,9999.0
临沧,周口,9999.0,9999.0
临沧,上饶,9999.0,9999.0
临沧,吉林市,9999.0,9999.0
临沧,咸阳,9999.0,9999.0
临沧,信阳,9999.0,9999.0
临沧,兰州,9999.0,9999.0
临沧,丽水,9999.0,9999.0
临沧,四平,9999.0,9999.0
临沧,固原,9999.0,9999.0
临沧,保山,9999.0,9999.0
临沧,临沧,9999.0,9999.0
临沧,中卫,9999.0,9999.0
临沧,大同,9999.0,9999.0
临沧,六安,9999.0,9999.0
临沧,安康,9999.0,9999.0
临沧,九江,9999.0,9999.0
临沧,广州,9999.0,9999.0
中卫,上海,9999.0,9999.0
中卫,北京,9999.0,9999.0
中卫,儋州,9999.0,9999.0
中卫,伊春,9999.0,9999.0
中卫,呼伦贝尔,9999.0,9999.0
中卫,天津,9999.0,9999.0
中卫,南京,9999.0,9999.0
中卫,东莞,9999.0,9999.0
中卫,厦门,9999.0,9999.0
中卫,宁波,9999.0,9999.0
中卫,哈尔滨,9999.0,9999.0
中卫,哈密,9999.0,9999.0
中卫,南通,9999.0,9999.0
中卫,佛山,9999.0,9999.0
中卫,保定,9999.0,9999.0
中卫,合肥,9999.0,9999.0
中卫,南昌,9999.0,9999.0
中卫,大连,9999.0,9999.0
中卫,临沂,9999.0,9999.0
中卫,乌鲁木齐,9999.0,9999.0
中卫,南阳,9999.0,9999.0
中卫,台州,9999.0,9999.0
中卫,嘉兴,9999.0,9999.0
中卫,太原,9999.0,9999.0
中卫,唐山,9999.0,9999.0
中卫,丽江,9999.0,9999.0
中卫,三明,9999.0,9999.0
中卫,吐鲁番,9999.0,9999.0
中卫,乌兰察布,9999.0,9999.0
中卫,南宁,9999.0,9999.0
中卫,三亚,9999.0,9999.0
中卫,中山,9999.0,9999.0
中卫,呼和浩特,9999.0,9999.0
中卫,临汾,9999.0,9999.0
中卫,周口,9999.0,9999.0
中卫,上饶,9999.0,9999.0
中卫,吉林市,9999.0,9999.0
中卫,咸阳,258.0,3.716666666666667
中卫,信阳,9999.0,9999.0
中卫,兰州,73.0,1.2
中卫,丽水,9999.0,9999.0
中卫,四平,9999.0,9999.0
中卫,固原,9999.0,9999.0
中卫,保山,9999.0,9999.0
中卫,临沧,9999.0,9999.0
中卫,中卫,9999.0,9999.0
中卫,大同,9999.0,9999.0
中卫,六安,9999.0,9999.0
中卫,安康,9999.0,9999.0
中卫,九江,9999.0,9999.0
中卫,广州,9999.0,9999.0
大同,上海,9999.0,9999.0
大同,北京,134.0,2.066666666666667
大同,儋州,9999.0,9999.0
大同,伊春,9999.0,9999.0
大同,呼伦贝尔,9999.0,9999.0
大同,天津,9999.0,9999.0
大同,南京,9999.0,9999.0
大同,东莞,9999.0,9999.0
大同,厦门,9999.0,9999.0
大同,宁波,9999.0,9999.0
大同,哈尔滨,9999.0,9999.0
大同,哈密,9999.0,9999.0
大同,南通,9999.0,9999.0
大同,佛山,9999.0,9999.0
大同,保定,9999.0,9999.0
大同,合肥,9999.0,9999.0
大同,南昌,9999.0,9999.0
大同,大连,9999.0,9999.0
大同,临沂,9999.0,9999.0
大同,乌鲁木齐,9999.0,9999.0
大同,南阳,9999.0,9999.0
大同,台州,9999.0,9999.0
大同,嘉兴,9999.0,9999.0
大同,太原,86.0,1.8
大同,唐山,9999.0,9999.0
大同,丽江,9999.0,9999.0
大同,三明,9999.0,9999.0
大同,吐鲁番,9999.0,9999.0
大同,乌兰察布,90.0,1.9166666666666665
大同,南宁,9999.0,9999.0
大同,三亚,9999.0,9999.0
大同,中山,9999.0,9999.0
大同,呼和浩特,130.0,2.716666666666667
大同,临汾,162.0,3.3
大同,周口,9999.0,9999.0
大同,上饶,9999.0,9999.0
大同,吉林市,9999.0,9999.0
大同,咸阳,9999.0,9999.0
大同,信阳,9999.0,9999.0
大同,兰州,9999.0,9999.0
大同,丽水,9999.0,9999.0
大同,四平,9999.0,9999.0
大同,固原,9999.0,9999.0
大同,保山,9999.0,9999.0
大同,临沧,9999.0,9999.0
大同,中卫,9999.0,9999.0
大同,大同,9999.0,9999.0
大同,六安,9999.0,9999.0
大同,安康,9999.0,9999.0
大同,九江,9999.0,9999.0
大同,广州,9999.0,9999.0
六安,上海,214.0,3.6666666666666665
六安,北京,498.5,5.85
六安,儋州,9999.0,9999.0
六安,伊春,9999.0,9999.0
六安,呼伦贝尔,9999.0,9999.0
六安,天津,444.5,5.083333333333333
六安,南京,90.0,1.35
六安,东莞,9999.0,9999.0
六安,厦门,9999.0,9999.0
六安,宁波,251.0,3.85
六安,哈尔滨,9999.0,9999.0
六安,哈密,9999.0,9999.0
六安,南通,192.0,3.716666666666667
六安,佛山,9999.0,9999.0
六安,保定,9999.0,9999.0
六安,合肥,29.0,0.4166666666666667
六安,南昌,9999.0,9999.0
六安,大连,9999.0,9999.0
六安,临沂,9999.0,9999.0
六安,乌鲁木齐,9999.0,9999.0
六安,南阳,9999.0,9999.0
六安,台州,367.0,5.683333333333334
六安,嘉兴,237.0,4.933333333333334
六安,太原,9999.0,9999.0
六安,唐山,9999.0,9999.0
六安,丽江,9999.0,9999.0
六安,三明,9999.0,9999.0
六安,吐鲁番,9999.0,9999.0
六安,乌兰察布,9999.0,9999.0
六安,南宁,644.5,8.766666666666667
六安,三亚,9999.0,9999.0
六安,中山,9999.0,9999.0
六安,呼和浩特,9999.0,9999.0
六安,临汾,9999.0,9999.0
六安,周口,9999.0,9999.0
六安,上饶,9999.0,9999.0
六安,吉林市,9999.0,9999.0
六安,咸阳,9999.0,9999.0
六安,信阳,164.0,3.2333333333333334
六安,兰州,9999.0,9999.0
六安,丽水,327.0,4.85
六安,四平,9999.0,9999.0
六安,固原,9999.0,9999.0
六安,保山,9999.0,9999.0
六安,临沧,9999.0,9999.0
六安,中卫,9999.0,9999.0
六安,大同,9999.0,9999.0
六安,六安,9999.0,9999.0
六安,安康,9999.0,9999.0
六安,九江,9999.0,9999.0
六安,广州,543.0,6.183333333333334
安康,上海,9999.0,9999.0
安康,北京,9999.0,9999.0
安康,儋州,9999.0,9999.0
安康,伊春,9999.0,9999.0
安康,呼伦贝尔,9999.0,9999.0
安康,天津,9999.0,9999.0
安康,南京,9999.0,9999.0
安康,东莞,9999.0,9999.0
安康,厦门,9999.0,9999.0
安康,宁波,9999.0,9999.0
安康,哈尔滨,9999.0,9999.0
安康,哈密,9999.0,9999.0
安康,南通,9999.0,9999.0
安康,佛山,9999.0,9999.0
安康,保定,9999.0,9999.0
安康,合肥,9999.0,9999.0
安康,南昌,9999.0,9999.0
安康,大连,9999.0,9999.0
安康,临沂,9999.0,9999.0
安康,乌鲁木齐,9999.0,9999.0
安康,南阳,9999.0,9999.0
安康,台州,9999.0,9999.0
安康,嘉兴,9999.0,9999.0
安康,太原,9999.0,9999.0
安康,唐山,9999.0,9999.0
安康,丽江,9999.0,9999.0
安康,三明,9999.0,9999.0
安康,吐鲁番,9999.0,9999.0
安康,乌兰察布,9999.0,9999.0
安康,南宁,9999.0,9999.0
安康,三亚,9999.0,9999.0
安康,中山,9999.0,9999.0
安康,呼和浩特,9999.0,9999.0
安康,临汾,9999.0,9999.0
安康,周口,9999.0,9999.0
安康,上饶,9999.0,9999.0
安康,吉林市,9999.0,9999.0
安康,咸阳,9999.0,9999.0
安康,信阳,9999.0,9999.0
安康,兰州,9999.0,9999.0
安康,丽水,9999.0,9999.0
安康,四平,9999.0,9999.0
安康,固原,9999.0,9999.0
安康,保山,9999.0,9999.0
安康,临沧,9999.0,9999.0
安康,中卫,9999.0,9999.0
安康,大同,9999.0,9999.0
安康,六安,9999.0,9999.0
安康,安康,9999.0,9999.0
安康,九江,9999.0,9999.0
安康,广州,285.0,18.983333333333334
九江,上海,226.0,7.266666666666667
九江,北京,261.0,10.966666666666667
九江,儋州,9999.0,9999.0
九江,伊春,9999.0,9999.0
九江,呼伦贝尔,9999.0,9999.0
九江,天津,9999.0,9999.0
九江,南京,190.0,2.9
九江,东莞,473.0,4.966666666666667
九江,厦门,174.0,6.883333333333333
九江,宁波,9999.0,9999.0
九江,哈尔滨,9999.0,9999.0
九江,哈密,9999.0,9999.0
九江,南通,9999.0,9999.0
九江,佛山,9999.0,9999.0
九江,保定,9999.0,9999.0
九江,合肥,136.0,1.8666666666666667
九江,南昌,27.0,1.1
九江,大连,9999.0,9999.0
九江,临沂,9999.0,9999.0
九江,乌鲁木齐,9999.0,9999.0
九江,南阳,9999.0,9999.0
九江,台州,9999.0,9999.0
九江,嘉兴,9999.0,9999.0
九江,太原,9999.0,9999.0
九江,唐山,9999.0,9999.0
九江,丽江,9999.0,9999.0
九江,三明,97.0,4.416666666666667
九江,吐鲁番,9999.0,9999.0
九江,乌兰察布,9999.0,9999.0
九江,南宁,9999.0,9999.0
九江,三亚,9999.0,9999.0
九江,中山,9999.0,9999.0
九江,呼和浩特,9999.0,9999.0
九江,临汾,9999.0,9999.0
九江,周口,359.5,4.75
九江,上饶,100.5,2.6833333333333336
九江,吉林市,9999.0,9999.0
九江,咸阳,9999.0,9999.0
九江,信阳,175.0,2.9166666666666665
九江,兰州,9999.0,9999.0
九江,丽水,237.0,4.5
九江,四平,9999.0,9999.0
九江,固原,9999.0,9999.0
九江,保山,9999.0,9999.0
九江,临沧,9999.0,9999.0
九江,中卫,9999.0,9999.0
九江,大同,9999.0,9999.0
九江,六安,9999.0,9999.0
九江,安康,9999.0,9999.0
九江,九江,9999.0,9999.0
九江,广州,476.5,4.566666666666666
广州,上海,792.0,8.533333333333333
广州,北京,327.0,22.066666666666666
广州,儋州,9999.0,9999.0
广州,伊春,9999.0,9999.0
广州,呼伦贝尔,9999.0,9999.0
广州,天津,961.5,9.733333333333333
广州,南京,642.0,7.883333333333333
广州,东莞,34.0,0.3
广州,厦门,293.0,2.7333333333333334
广州,宁波,9999.0,9999.0
广州,哈尔滨,9999.0,9999.0
广州,哈密,9999.0,9999.0
广州,南通,870.0,9.883333333333333
广州,佛山,11.0,0.3
广州,保定,823.0,9.533333333333333
广州,合肥,575.0,6.766666666666667
广州,南昌,421.0,4.183333333333334
广州,大连,9999.0,9999.0
广州,临沂,959.5,7.366666666666666
广州,乌鲁木齐,9999.0,9999.0
广州,南阳,687.0,8.266666666666667
广州,台州,548.0,9.966666666666667
广州,嘉兴,753.0,8.0
广州,太原,869.0,10.683333333333334
广州,唐山,9999.0,9999.0
广州,丽江,9999.0,9999.0
广州,三明,392.0,7.3
广州,吐鲁番,9999.0,9999.0
广州,乌兰察布,9999.0,9999.0
广州,南宁,188.0,3.8833333333333333
广州,三亚,9999.0,9999.0
广州,中山,20.0,0.26666666666666666
广州,呼和浩特,9999.0,9999.0
广州,临汾,9999.0,9999.0
广州,周口,9999.0,9999.0
广州,上饶,551.0,5.616666666666667
广州,吉林市,9999.0,9999.0
广州,咸阳,9999.0,9999.0
广州,信阳,207.0,13.566666666666666
广州,兰州,1080.0,11.833333333333334
广州,丽水,9999.0,9999.0
广州,四平,9999.0,9999.0
广州,固原,9999.0,9999.0
广州,保山,9999.0,9999.0
广州,临沧,9999.0,9999.0
广州,中卫,9999.0,9999.0
广州,大同,9999.0,9999.0
广州,六安,543.0,6.316666666666666
广州,安康,285.0,18.5
广州,九江,467.5,4.866666666666667
广州,广州,9999.0,9999.0
